,mean,std,min,max,median,zero_ratio
21_0_21,0.4803550742506939,0.15742968394669649,0.0,1.0,0.4931527995640309,0.004761904761904762
21_0_19,0.4396872981391854,0.15576382233049088,0.0,1.0,0.4403565267246409,0.0011904761904761906
24_0_17,0.4318038858562079,0.21454387466747352,0.0,1.0,0.4753490876468266,0.0011904761904761906
8_0_21,0.4120164499449935,0.2684672685073626,0.0,1.0,0.46782028938057213,0.002380952380952381
1_1_19,0.40928698302007105,0.18124471223888172,0.0,1.0,0.39075961116923763,0.0035714285714285713
13_1_17,0.3927637920752968,0.1695706899950214,0.0,1.0,0.37723522892032785,0.0035714285714285713
15_0_18,0.3926588226786039,0.19837223131101284,0.0,1.0,0.4109348157596186,0.0035714285714285713
13_2_14,0.38932562347492045,0.17013721138456175,0.0,1.0,0.36857383881431566,0.002380952380952381
5_0_10,0.3888950048754317,0.19502215263337921,0.0,1.0,0.39163971976777356,0.0035714285714285713
13_1_18,0.385274971674284,0.1967204434978518,0.0,1.0,0.36531113194939213,0.002380952380952381
29_1_13,0.38333749336622897,0.21777503441824042,0.0,1.0,0.37206053681847073,0.016666666666666666
29_1_14,0.37084371852065584,0.2469460964587076,0.0,1.0,0.32260630888366226,0.004761904761904762
21_0_14,0.3698880272047549,0.21519071828612132,0.0,1.0,0.3717996538781849,0.016666666666666666
29_1_10,0.3692251103457979,0.19025397024278573,0.0,1.0,0.37450503509201627,0.014285714285714285
17_0_12,0.3678419486444058,0.17060802671841624,0.0,1.0,0.34909208752493065,0.002380952380952381
20_1_8,0.36507676582611437,0.1864300185375453,0.0,1.0,0.35653920337861966,0.002380952380952381
8_1_9,0.36364250992951264,0.2000144460499554,0.0,1.0,0.370352100515852,0.01904761904761905
13_1_21,0.36268980938142814,0.19261440697921403,0.0,1.0,0.3562471377004217,0.002380952380952381
10_1_20,0.36231730687058855,0.21638675972665164,0.0,1.0,0.3645430005526361,0.007142857142857143
12_1_12,0.3566426713052633,0.17879132022498997,0.0,1.0,0.3472052765019541,0.002380952380952381
