Actual,LSTM,GRU
0.19861722,0.20151451,0.17219253
0.20866294,0.19680691,0.18739973
0.20262867,0.1900804,0.18464981
0.18044387,0.18782029,0.17400901
0.16458392,0.16787826,0.16090854
0.13912208,0.14674982,0.14465922
0.115257084,0.12586236,0.113171145
0.09939162,0.11063269,0.059092343
0.0828943,0.07767703,0.062507346
0.07175797,0.08073066,0.06347361
0.07057108,0.06653173,0.12459232
0.071035154,0.084609896,0.09728372
0.091420606,0.092854455,0.11565445
0.12565915,0.11692172,0.12689395
0.15444963,0.15083666,0.12860431
0.16681251,0.1609072,0.13796383
0.1833059,0.17584838,0.14647634
0.19135872,0.18971962,0.16096504
0.188106,0.19050217,0.16841741
0.18120581,0.18615294,0.17145135
0.19001248,0.18262154,0.18220617
0.18841062,0.1834799,0.17517467
0.1896125,0.18205142,0.18170808
0.19074655,0.20391363,0.18145277
0.19293503,0.18563068,0.16586639
0.20195267,0.19509646,0.175139
0.1929366,0.19830394,0.17737927
0.17613284,0.18260056,0.16674964
0.16161817,0.16580908,0.14497112
0.13759905,0.15048657,0.1332755
0.11785542,0.13345388,0.09024669
0.09938527,0.11034691,0.09305452
0.08198871,0.091606006,0.10528137
0.07398813,0.07278076,0.08261208
0.067412995,0.06152439,0.031841792
0.07144546,0.08287965,0.04481913
0.09096276,0.0770798,0.04621412
0.116355345,0.10180053,0.097421125
0.14784376,0.1229496,0.12034528
0.16488586,0.16661003,0.1576804
0.17050007,0.16513208,0.16954444
0.1748532,0.17875805,0.1494494
0.17368604,0.18220347,0.16273679
0.1794773,0.18177146,0.16628174
0.17623626,0.1872001,0.17197682
0.17445134,0.17836319,0.17579497
0.17833057,0.18223646,0.17917113
0.18079506,0.18134129,0.17874978
0.1899377,0.18065828,0.17928375
0.19956975,0.2016105,0.17760645
0.18885654,0.1929853,0.17982341
0.17675473,0.18139684,0.16937546
0.1598895,0.16498959,0.1593877
0.13621043,0.14906856,0.13899852
0.11215875,0.1124458,0.12659255
0.0915102,0.095542565,0.12214251
0.07424475,0.095950186,0.10496421
0.069304585,0.061201066,0.086768225
0.061697185,0.049820125,0.11091687
0.07025189,0.08329755,0.08266522
0.09657554,0.09259552,0.11735229
0.14455496,0.12133919,0.15020765
0.1595699,0.15551922,0.20223756
0.15315157,0.16172335,0.18738325
0.1588809,0.15995452,0.18494733
0.16675964,0.14317384,0.16226642
0.16811787,0.17661779,0.17744993
0.16236846,0.17689061,0.17706515
0.16043729,0.1760285,0.1780764
0.165793,0.18815267,0.17483436
0.18315941,0.17921294,0.17703505
0.18895274,0.18783069,0.17596887
0.18117492,0.19476485,0.17877184
0.19157626,0.198268,0.17383082
0.18481943,0.18606722,0.16983326
0.17116974,0.17404005,0.16720618
0.15222079,0.1531294,0.12323059
0.12996778,0.13172457,0.12465283
0.09695412,0.11877076,0.10683176
0.08558005,0.07869078,0.076296374
0.07526492,0.074196815,0.05873777
0.06702042,0.09484646,0.06339347
0.06489026,0.083734825,0.072874784
0.07423781,0.08441962,0.113319084
0.09447439,0.09564331,0.10830374
0.13502984,0.12552658,0.1216567
0.15184203,0.1580506,0.13523848
0.1523238,0.16500723,0.14898536
0.15503797,0.1582269,0.13865258
0.16766956,0.16849579,0.14088888
0.1677283,0.17027274,0.15682814
0.15930682,0.18094307,0.1675771
0.15629776,0.16865598,0.17382105
0.16728897,0.1685011,0.18042888
0.1771163,0.18439165,0.18558206
0.19344705,0.17124155,0.18591927
0.18264915,0.19309387,0.1866888
0.19962196,0.18919945,0.18565287
0.18579786,0.18390596,0.18565656
0.17477635,0.18267757,0.17689185
0.15465084,0.16160838,0.15968533
0.13214548,0.13361731,0.12426789
0.10685311,0.12164059,0.12829065
0.08691944,0.08758277,0.10446948
0.070570156,0.07613075,0.13392888
0.0709819,0.07682563,0.12475385
0.066816285,0.081625015,0.12589774
0.071020946,0.07360569,0.08139844
0.09413967,0.07917428,0.07698792
0.14239004,0.111341566,0.11893293
0.15647648,0.1603387,0.13999097
0.15906756,0.15502353,0.15267064
0.16200042,0.15038364,0.15249176
0.16993777,0.16672783,0.16592725
0.16749273,0.1707637,0.16203885
0.15854888,0.16720854,0.17566745
0.16008133,0.18155384,0.1676801
0.16779198,0.17998204,0.17931218
0.19004871,0.18145117,0.18826552
0.19477428,0.18745819,0.18757443
0.18944304,0.19448835,0.1872435
0.20676067,0.19561839,0.17984892
0.19035359,0.20916727,0.18209575
0.17861353,0.18814853,0.17549525
0.1589233,0.14931855,0.15355594
0.13447446,0.14015475,0.13390677
