Actual,Transformer
0.19861722,0.19423199
0.20866294,0.19632071
0.20262867,0.198149
0.18044387,0.18589298
0.16458392,0.16717082
0.13912208,0.14208117
0.115257084,0.12462267
0.09939162,0.09832892
0.0828943,0.08680418
0.07175797,0.07797252
0.07057108,0.07459244
0.071035154,0.08276722
0.091420606,0.092846856
0.12565915,0.11867711
0.15444963,0.14766632
0.16681251,0.16682568
0.1833059,0.17906672
0.19135872,0.17868909
0.188106,0.18426417
0.18120581,0.18389519
0.19001248,0.17910449
0.18841062,0.18146823
0.1896125,0.1804044
0.19074655,0.1765272
0.19293503,0.18080637
0.20195267,0.18295057
0.1929366,0.18456149
0.17613284,0.1762312
0.16161817,0.1492082
0.13759905,0.13763325
0.11785542,0.11764076
0.09938527,0.10305905
0.08198871,0.09007692
0.07398813,0.078893974
0.067412995,0.080057845
0.07144546,0.08139221
0.09096276,0.08813867
0.116355345,0.11175507
0.14784376,0.14039885
0.16488586,0.1639958
0.17050007,0.17409396
0.1748532,0.17798269
0.17368604,0.17721948
0.1794773,0.18081385
0.17623626,0.1800867
0.17445134,0.17363645
0.17833057,0.17208228
0.18079506,0.1769131
0.1899377,0.17855641
0.19956975,0.18437478
0.18885654,0.18357314
0.17675473,0.17053959
0.1598895,0.15526718
0.13621043,0.13662946
0.11215875,0.12050268
0.0915102,0.10395984
0.07424475,0.08269216
0.069304585,0.07129702
0.061697185,0.06914465
0.07025189,0.07690807
0.09657554,0.09339382
0.14455496,0.12424883
0.1595699,0.16159418
0.15315157,0.17250313
0.1588809,0.16879228
0.16675964,0.16883436
0.16811787,0.17534015
0.16236846,0.17843524
0.16043729,0.17223358
0.165793,0.17040157
0.18315941,0.1757691
0.18895274,0.18347564
0.18117492,0.19441272
0.19157626,0.18316776
0.18481943,0.18346499
0.17116974,0.1692723
0.15222079,0.15631694
0.12996778,0.13303454
0.09695412,0.11585027
0.08558005,0.086697534
0.07526492,0.079833865
0.06702042,0.080004275
0.06489026,0.071125194
0.07423781,0.07592903
0.09447439,0.09389153
0.13502984,0.12506115
0.15184203,0.16338716
0.1523238,0.16712025
0.15503797,0.16634944
0.16766956,0.17187303
0.1677283,0.17484666
0.15930682,0.17752865
0.15629776,0.17336118
0.16728897,0.17478895
0.1771163,0.17939064
0.19344705,0.18658721
0.18264915,0.19787946
0.19962196,0.19584768
0.18579786,0.19563486
0.17477635,0.17784671
0.15465084,0.16333234
0.13214548,0.13680348
0.10685311,0.114044845
0.08691944,0.098581105
0.070570156,0.07870494
0.0709819,0.06950411
0.066816285,0.07584861
0.071020946,0.08304846
0.09413967,0.09610923
0.14239004,0.121622235
0.15647648,0.16135289
0.15906756,0.17218608
0.16200042,0.17310861
0.16993777,0.17014936
0.16749273,0.17537859
0.15854888,0.1758099
0.16008133,0.17269547
0.16779198,0.17313598
0.19004871,0.1762926
0.19477428,0.18945919
0.18944304,0.19825462
0.20676067,0.19182871
0.19035359,0.19464745
0.17861353,0.177831
0.1589233,0.15737812
0.13447446,0.13764282
