time_index,sigma_anomaly,iqr_anomaly,isolation_forest_anomaly,isolation_forest_score,ocsvm_anomaly,ocsvm_score,ml_common_anomaly,ml_union_anomaly
0,0,0,0,0.40137618751802856,1,0.00018312057313085717,0,1
1,0,0,0,0.3996135860727556,1,6.029492861348018e-05,0,1
2,0,0,0,0.39780611102572805,0,-6.628821327137047e-05,0,0
3,0,0,0,0.3760158036162664,0,-0.22136411139259682,0,0
4,0,0,0,0.38031475500308914,0,-0.2301524822847405,0,0
5,0,0,0,0.3830264148310722,0,-0.20094646374129432,0,0
6,0,0,0,0.38006824901991726,0,-0.2536832004712597,0,0
7,0,0,0,0.3938742633297005,0,-0.3291787634731831,0,0
8,0,0,0,0.4126047963947897,0,-0.6073555979541467,0,0
9,0,0,0,0.4444970872123554,0,-0.2941974483733856,0,0
10,0,0,0,0.4451036666490329,0,-0.5569072419535206,0,0
11,0,0,0,0.4590314768808469,0,-0.7404812362479198,0,0
12,0,0,0,0.4768266242137927,0,-0.38349395512603923,0,0
13,0,0,0,0.4646097357767704,0,-0.6802060543930253,0,0
14,0,0,0,0.4745133219458624,0,-0.42726508478792846,0,0
15,0,0,0,0.4651675958291473,0,-0.7325341561141006,0,0
16,0,0,0,0.462984418196879,0,-1.0309226042398594,0,0
17,0,0,0,0.45783833934424484,0,-1.0082658214223503,0,0
18,0,0,0,0.4962654362391995,0,-0.6714736138176405,0,0
19,0,0,0,0.48795568143264034,0,-0.7621217302088823,0,0
20,0,0,0,0.478365995960847,0,-1.0670649810127082,0,0
21,0,0,0,0.51976260634804,0,-0.47101016245802185,0,0
22,0,0,1,0.5391544697025231,0,-0.00038239498905445757,0,1
23,0,0,0,0.5117240044512258,0,-0.22394116160985567,0,0
24,0,0,0,0.46102467645122996,0,-0.05547311736010485,0,0
25,0,0,0,0.4195954723590649,0,-0.0765370812887336,0,0
26,0,0,0,0.40078672841066115,0,-0.15743308465058004,0,0
27,0,0,0,0.37530644097782795,0,-0.2360958214600859,0,0
28,0,0,0,0.3770752837925232,0,-0.24753218073792338,0,0
29,0,0,0,0.3822878707373648,0,-0.21851265132245423,0,0
30,0,0,0,0.3828017896449732,0,-0.21917857105464034,0,0
31,0,0,0,0.3997268377219337,0,-0.3352854060110273,0,0
32,0,0,0,0.4158659906129653,0,-0.4791399371322336,0,0
33,0,0,0,0.4321771655503337,0,-0.34463929368286017,0,0
34,0,0,0,0.4673260290344154,0,-0.10719334593209906,0,0
35,0,0,0,0.4467475410643852,0,-0.6876686690169511,0,0
36,0,0,0,0.4622904004112431,0,-0.45481011592122567,0,0
37,0,0,0,0.48275783239035164,0,-0.47361008356328194,0,0
38,0,0,1,0.5324320580077092,0,-0.06370579806382803,0,1
39,0,0,1,0.5406576914486699,1,0.00020916665222259212,1,1
40,0,0,1,0.5335308584430423,0,-0.13922600414713848,0,1
41,0,0,0,0.48742060680983085,0,-0.6817726546652225,0,0
42,0,0,0,0.48428801355384754,0,-0.6389918005171773,0,0
43,0,0,0,0.5107540463838037,0,-0.5147890383094538,0,0
44,0,0,0,0.5134057385508757,0,-0.5056517307468709,0,0
45,0,0,1,0.5423684428725494,1,0.00026776707491338314,1,1
46,0,0,1,0.5536199046295438,1,7.967314785517488e-05,1,1
47,0,0,0,0.5256273082117775,0,-0.013202626954020413,0,0
48,0,0,0,0.45134107160620834,0,-0.22758144986204965,0,0
49,0,0,0,0.4013071769868882,0,-0.3046305375946101,0,0
50,0,0,0,0.38957417826027285,0,-0.24970709301682703,0,0
51,0,0,0,0.3851285679516239,0,-0.2218170751204518,0,0
52,0,0,0,0.3797363963575536,0,-0.20660205006532628,0,0
53,0,0,0,0.37403115140297144,0,-0.23483807672586776,0,0
54,0,0,0,0.4002824820556032,0,-0.13096343218898054,0,0
55,0,0,0,0.4014698229146848,0,-0.2825715049731272,0,0
56,0,0,0,0.42567509321664565,0,-0.43590714102069716,0,0
57,0,0,0,0.4539922889508927,0,-0.5200350020966473,0,0
58,0,0,0,0.4780544671314958,0,-0.5439887571777073,0,0
59,0,0,0,0.47180981679324924,0,-0.6697990866206123,0,0
60,0,0,0,0.4679951375932834,0,-0.9561354040203911,0,0
61,0,0,0,0.48511474534593124,0,-0.6517651526365329,0,0
62,0,0,0,0.47832533249637776,0,-0.6256646993977735,0,0
63,0,0,0,0.4501507278095652,0,-1.1589805875425623,0,0
64,0,0,0,0.45336000402916077,0,-0.8951449874546191,0,0
65,0,0,0,0.5087989726930994,0,-0.35761661431562786,0,0
66,0,0,1,0.5435956236761319,1,6.263006481921352e-05,1,1
67,0,0,0,0.4855672544801302,0,-0.8462486571259662,0,0
68,0,0,0,0.4486587302603752,0,-1.3730387682124587,0,0
69,0,0,0,0.47501311061833174,0,-0.8608270712108226,0,0
70,0,0,0,0.5160063337780658,0,-0.20043568447175764,0,0
71,0,0,0,0.48890189012452684,0,-0.2568957787588566,0,0
72,0,0,0,0.45356929153213227,0,-0.03169289862675129,0,0
73,0,0,0,0.41136601988550797,0,-0.1356350756405238,0,0
74,0,0,0,0.3884293252058386,0,-0.24592857305956484,0,0
75,0,0,0,0.3765178815219407,0,-0.2258363623389643,0,0
76,0,0,0,0.3788842819189098,0,-0.18344095768557223,0,0
77,0,0,0,0.38072406690646565,0,-0.19388211357283636,0,0
78,0,0,0,0.37740146177015954,0,-0.25110908653817665,0,0
79,0,0,0,0.39825579866456123,0,-0.2635726203052906,0,0
80,0,0,0,0.42708247153642287,0,-0.8045180852198843,0,0
81,0,0,0,0.46922878365781995,0,-0.9466894977728275,0,0
82,0,0,1,0.5939282751450562,1,0.3134760388876483,1,1
83,0,0,0,0.4914449498398581,0,-0.8380281318010012,0,0
84,0,0,0,0.4578153567202152,0,-1.1035957796763318,0,0
85,0,0,0,0.46698214722005277,0,-0.9756185475178776,0,0
86,0,0,0,0.4564291887691986,0,-0.9074038950852579,0,0
87,0,0,0,0.43396427716188496,0,-1.3945202190643626,0,0
88,0,0,0,0.4191113937494701,0,-1.6868332161204136,0,0
89,0,0,0,0.42680177382148493,0,-1.348154370776553,0,0
90,0,0,0,0.45912881641474057,0,-0.9171691298292188,0,0
91,0,0,0,0.4479499137976985,0,-1.1930158646275637,0,0
92,0,0,0,0.47726075337777407,0,-0.8679778966993776,0,0
93,0,0,0,0.48520019760811034,0,-0.5382605757012646,0,0
94,0,0,0,0.4494109093066492,0,-0.7804472592037608,0,0
95,0,0,0,0.42905781262472853,0,-0.5772112000761322,0,0
96,0,0,0,0.4229807897831946,0,-0.2963973182652073,0,0
97,0,0,0,0.4097982463975041,0,-0.11601010640364251,0,0
98,0,0,0,0.37856594040947666,0,-0.26430160237214695,0,0
99,0,0,0,0.3761148068184207,0,-0.251180720577179,0,0
100,0,0,0,0.37564542619688124,0,-0.23660012070014336,0,0
101,0,0,0,0.3796176058709383,0,-0.2201158679909696,0,0
102,0,0,0,0.37733650162928295,0,-0.3168462275600836,0,0
103,0,0,0,0.4226508270854407,0,-0.20433927484054726,0,0
104,0,0,0,0.39655488795123334,0,-0.7258719040033359,0,0
105,0,0,0,0.41979044497483803,0,-0.33488593034658054,0,0
106,0,0,0,0.4108748716172286,0,-0.5496519894106724,0,0
107,0,0,0,0.4185071679898753,0,-0.7636129953377075,0,0
108,0,0,0,0.4263605999704394,0,-0.6065931819111667,0,0
109,0,0,0,0.42974435871027095,0,-0.47335518409530275,0,0
110,0,0,0,0.43263262544029,0,-0.5865815953073712,0,0
111,0,0,0,0.49872720700864137,0,-0.043898007695907015,0,0
112,0,0,0,0.4400605935997905,0,-0.8432815974464454,0,0
113,0,0,0,0.42923040631802223,0,-1.3031975075177207,0,0
114,0,0,0,0.42143055497643095,0,-1.5568595733963497,0,0
115,0,0,0,0.4418371380669303,0,-1.3360173194011629,0,0
116,0,0,0,0.5097132718578992,0,-0.49445170224495305,0,0
117,0,0,0,0.5016088923083332,0,-0.19324109181919713,0,0
118,0,0,0,0.46459712990566815,0,-0.4898708753048644,0,0
119,0,0,0,0.4486792367263582,0,-0.38987103777491505,0,0
120,0,0,0,0.4343149221500491,0,-0.17535194938719467,0,0
121,0,0,0,0.38837734336373586,0,-0.31962351666715527,0,0
122,0,0,0,0.3740705310230093,0,-0.24782618586994687,0,0
123,0,0,0,0.3783850455705282,0,-0.2468577578914828,0,0
124,0,0,0,0.37284650887135623,0,-0.275510868806474,0,0
125,0,0,0,0.3828618284232872,0,-0.26106720420037544,0,0
126,0,0,0,0.37358508119960304,0,-0.34352350667295894,0,0
127,0,0,0,0.41809620214837434,0,-0.2719114307147814,0,0
128,0,0,0,0.42460055977664224,0,-0.31861852196908025,0,0
129,0,0,0,0.4407821870212391,0,-0.13071913181218342,0,0
130,0,0,0,0.4329545398933418,0,-0.31837085945562604,0,0
131,0,0,0,0.4417990406950873,0,-0.7840969115106708,0,0
132,0,0,0,0.4384951651874835,0,-0.7265021192182699,0,0
133,0,0,0,0.4376205735300123,0,-0.5294984596999988,0,0
134,0,0,0,0.44233582893037887,0,-0.6244833723416585,0,0
135,0,0,0,0.4600112284049853,0,-0.7162508214300112,0,0
136,0,0,0,0.4354457992123305,0,-0.747889128767012,0,0
137,0,0,0,0.4207011787814999,0,-1.5034632111348034,0,0
138,0,0,0,0.4232587474099584,0,-1.5234863720361234,0,0
139,0,0,0,0.47039763526216655,0,-0.7922732716172276,0,0
140,0,0,0,0.4754572397057769,0,-0.8871610797032736,0,0
141,0,0,0,0.4808318647835152,0,-0.6643566820257814,0,0
142,0,0,0,0.49458147781215217,0,-0.004446241792216199,0,0
143,0,0,0,0.49508377527421704,1,0.00010252777843211547,0,1
144,0,0,0,0.4586573815017266,0,-0.027694770570680483,0,0
145,0,0,0,0.4363060879454022,1,0.0002688272763045063,0,1
146,0,0,0,0.389368721784624,0,-0.2522185763437186,0,0
147,0,0,0,0.38162902294041684,0,-0.26248996718630524,0,0
148,0,0,0,0.3794329730961631,0,-0.2651096409963767,0,0
149,0,0,0,0.38488098557749345,0,-0.25480360011705727,0,0
150,0,0,0,0.3733796362144342,0,-0.3602505836333889,0,0
151,0,0,0,0.42447992702200077,0,-0.2907718328776343,0,0
152,0,0,0,0.41245018761962826,0,-0.6842313920409313,0,0
153,0,0,0,0.4286854193365397,0,-0.43798206882740187,0,0
154,0,0,0,0.43500146789494315,0,-0.4672620201510025,0,0
155,0,0,0,0.44555426477099896,0,-0.4410814967489851,0,0
156,0,0,0,0.49129116152834734,0,-6.166210463565136e-05,0,0
157,0,0,0,0.4800590116177129,0,-0.10943961925806533,0,0
158,0,0,0,0.4531925927702117,0,-0.5633824020973974,0,0
159,0,0,0,0.5048593792811811,0,-0.12468877364842701,0,0
160,0,0,0,0.4890228950155031,0,-0.12596997750318772,0,0
161,0,0,0,0.44140349552397273,0,-1.2423276499353748,0,0
162,0,0,0,0.4519514004469771,0,-1.2451868009229812,0,0
163,0,0,0,0.4798932815205211,0,-0.6683132994271728,0,0
164,0,0,1,0.5371284213173325,0,-2.0842327111303405e-05,0,1
165,0,0,0,0.5111819049855532,0,-0.276396975304928,0,0
166,0,0,0,0.490079760892303,0,-0.058776023896282226,0,0
167,0,0,0,0.40247977303815546,0,-6.407358599469504e-05,0,0
168,0,0,0,0.4359205907020182,0,-0.15240751499458893,0,0
169,0,0,0,0.4043143835890533,0,-0.18623824644144316,0,0
170,0,0,0,0.38095270893909977,0,-0.2864400927292907,0,0
171,0,0,0,0.3753618381896987,0,-0.29496828395907704,0,0
172,0,0,0,0.37578540784880693,0,-0.3159798211097229,0,0
173,0,0,0,0.3688701745706627,0,-0.28784842295704083,0,0
174,0,0,0,0.39101063535778136,0,-0.3173447562709404,0,0
175,0,0,0,0.43086117192685647,0,-0.24233239062270195,0,0
176,0,0,0,0.438001246061328,0,-0.40916168063873126,0,0
177,0,0,0,0.4521699289831849,0,-0.21541929791740122,0,0
178,0,0,0,0.4432351299757272,0,-0.33317012522323886,0,0
179,0,0,0,0.43952331432653435,0,-0.6903092771578696,0,0
180,0,0,0,0.45713053084785377,0,-0.4759809428775039,0,0
181,0,0,0,0.4707552018121781,0,-0.17275132279304461,0,0
182,0,0,0,0.4613668827999998,0,-0.3078344678534344,0,0
183,0,0,0,0.4886373446025437,0,-0.16938865089686272,0,0
184,0,0,0,0.47447109255021247,0,-0.36115767949109445,0,0
185,0,0,0,0.43556894228721155,0,-1.2585843888990014,0,0
186,0,0,0,0.4323158355593686,0,-1.3776788958148116,0,0
187,0,0,0,0.47891623847908005,0,-0.6302230314564001,0,0
188,0,0,0,0.4957730424176721,0,-0.5826944797651601,0,0
189,0,0,0,0.4700937027240288,0,-0.9085836604221593,0,0
190,0,0,0,0.4807971899803249,0,-0.18749356979087706,0,0
191,0,0,0,0.47146072412038653,0,-0.1470907039320708,0,0
192,0,0,0,0.4250945178261418,0,-0.25700878018968476,0,0
193,0,0,0,0.40056010333975123,0,-0.1369352021825354,0,0
194,0,0,0,0.367135975755843,0,-0.2781946720576194,0,0
195,0,0,0,0.37267003375452934,0,-0.26507230935362136,0,0
196,0,0,0,0.37347020560798416,0,-0.2572992671582317,0,0
197,0,0,0,0.3756150373293729,0,-0.23654192400768803,0,0
198,0,0,0,0.37724680539481564,0,-0.28743801100988575,0,0
199,0,0,0,0.4049325676666102,0,-0.2288663792464245,0,0
200,0,0,0,0.3928665184182364,0,-0.6344868843573814,0,0
201,0,0,0,0.4139172450410174,0,-0.31537769301954954,0,0
202,0,0,0,0.3938955733876809,0,-0.5187341875904958,0,0
203,0,0,0,0.4272483909088944,0,-0.6734384468264905,0,0
204,0,0,0,0.4285873142690309,0,-0.7154497146601804,0,0
205,0,0,0,0.4412662462792163,0,-0.4302710630220421,0,0
206,0,0,0,0.4212457204296652,0,-0.8897282200284189,0,0
207,0,0,0,0.4856465762803351,0,-0.341392393076577,0,0
208,0,0,0,0.44485976723676546,0,-0.9342485720703273,0,0
209,0,0,0,0.4329789080413867,0,-1.204998203015705,0,0
210,0,0,0,0.4188644043439035,0,-1.3371901099875534,0,0
211,0,0,0,0.41120361461110116,0,-1.3896300781188482,0,0
212,0,0,0,0.4209323545375743,0,-1.6573041335765981,0,0
213,0,0,0,0.41771108491831355,0,-1.5583631511955365,0,0
214,0,0,0,0.4281114718075875,0,-1.014185299877648,0,0
215,0,0,0,0.4257694873791126,0,-0.5752763880752876,0,0
216,0,0,0,0.42550481468528273,0,-0.07035431594063501,0,0
217,0,0,0,0.39792351340577176,0,-0.18362651507600702,0,0
218,0,0,0,0.38864141886057757,0,-0.21885185930117457,0,0
219,0,0,0,0.37131996957707153,0,-0.274112699834383,0,0
220,0,0,0,0.37983326938337864,0,-0.2303605796361472,0,0
221,0,0,0,0.37786679143656743,0,-0.24153989513315421,0,0
222,0,0,0,0.3843202729411607,0,-0.2614009535489177,0,0
223,0,0,0,0.41469703682647446,0,-0.24232257370998012,0,0
224,0,0,0,0.44089939069152057,0,-0.5236939676225965,0,0
225,0,0,0,0.45041922292809156,0,-0.49354448783099203,0,0
226,0,0,0,0.5061736749102669,0,-0.22440686763737627,0,0
227,0,0,0,0.5052305976043955,0,-0.3384109627378833,0,0
228,0,0,0,0.5072228947241564,0,-0.1482867560188903,0,0
229,0,0,0,0.5043194755932386,0,-0.03231519024838114,0,0
230,0,0,0,0.5085101282841834,1,0.0003259995360478385,0,1
231,0,0,0,0.4947830909370466,0,-0.24102185858768577,0,0
232,0,0,0,0.49239411930565574,0,-0.49253203071117113,0,0
233,0,0,0,0.5003225525400553,0,-0.5931237404001561,0,0
234,0,0,0,0.5210422389609403,0,-0.15191397918959337,0,0
235,0,0,0,0.4991910561636323,0,-0.4878230574410449,0,0
236,0,0,0,0.4719119636434762,0,-0.7731657675004406,0,0
237,0,0,0,0.5212652749150576,0,-0.22090633625960931,0,0
238,0,0,0,0.49166126531748955,0,-5.420781886789072e-05,0,0
239,0,0,0,0.4785861884116024,0,-0.09000254636614358,0,0
240,0,0,0,0.45475486756392,0,-0.1367603497690144,0,0
241,0,0,0,0.41952519935845156,0,-0.04363813957240836,0,0
242,0,0,0,0.3734885510009164,0,-0.26826578308134597,0,0
243,0,0,0,0.37666167772915876,0,-0.24601523252534685,0,0
244,0,0,0,0.38553677282100474,0,-0.17784127536724004,0,0
245,0,0,0,0.3858530223534384,0,-0.21038672934998504,0,0
246,0,0,0,0.3787250022204687,0,-0.3150463939640207,0,0
247,0,0,0,0.39792850095075516,0,-0.4736671771782137,0,0
248,0,0,0,0.4165751872773682,0,-0.7577441816203905,0,0
249,0,0,0,0.4619249173539364,0,-0.5391017805298874,0,0
250,0,0,0,0.4549652170911769,0,-0.8032200794380717,0,0
251,0,0,0,0.45413137089981886,0,-0.9810683469966044,0,0
252,0,0,0,0.4389731306392441,0,-1.0308289833434858,0,0
253,0,0,0,0.45661487260886807,0,-0.7291256371744832,0,0
254,0,0,0,0.44890091182107766,0,-0.7881765311970836,0,0
255,0,0,0,0.4615077277115497,0,-0.6631708856648628,0,0
256,0,0,0,0.4428447259737428,0,-1.3904517931465201,0,0
257,0,0,0,0.45069255919464096,0,-1.1302100179969927,0,0
258,0,0,0,0.44768224104311616,0,-1.1261916926814455,0,0
259,0,0,0,0.43551605485986117,0,-1.5543960373968813,0,0
260,0,0,0,0.42681069893363,0,-1.56810291609052,0,0
261,0,0,0,0.47392775027303496,0,-0.7179831897391189,0,0
262,0,0,0,0.4504618748741583,0,-0.758136604576725,0,0
263,0,0,0,0.45590170033096117,0,-0.26120300869173496,0,0
264,0,0,0,0.4392269790627823,0,-0.08597669927531593,0,0
265,0,0,0,0.42456911133745884,0,-0.0002648536563758519,0,0
266,0,0,0,0.37762517087513997,0,-0.1863017255146473,0,0
267,0,0,0,0.36987996793263767,0,-0.2507160676246647,0,0
268,0,0,0,0.37455199366976916,0,-0.2302944775771678,0,0
269,0,0,0,0.38546440733682563,0,-0.1757060726615527,0,0
270,0,0,0,0.37894207486859727,0,-0.38831857268971426,0,0
271,0,0,0,0.43353976395722,0,-0.16867253486073563,0,0
272,0,0,0,0.42699133854595245,0,-0.3483246797165065,0,0
273,0,0,0,0.4449485926061527,0,-0.1808277550865216,0,0
274,0,0,0,0.43497774711085085,0,-0.21246410273463034,0,0
275,0,0,0,0.4380432765581251,0,-0.7015666221448273,0,0
276,0,0,0,0.42392781409709945,0,-0.850110922184252,0,0
277,0,0,0,0.43693648052760814,0,-0.3477397484381055,0,0
278,0,0,0,0.4383106061563042,0,-0.38600676050582905,0,0
279,0,0,0,0.4574027862779339,0,-0.41040888112554796,0,0
280,0,0,0,0.4348897451722244,0,-0.7142425686101772,0,0
281,0,0,0,0.44128352592913556,0,-0.9641279044703155,0,0
282,0,0,0,0.41841328988954246,0,-1.6427799049931582,0,0
283,0,0,0,0.4520894817470423,0,-1.1565022723629617,0,0
284,0,0,0,0.48517358718693543,0,-0.70926259869456,0,0
285,0,0,0,0.484328563628305,0,-0.6812382322726922,0,0
286,0,0,0,0.4326235524233584,0,-0.9649685879791283,0,0
287,0,0,0,0.440195482203446,0,-0.4563582332165481,0,0
288,0,0,0,0.4284764824944823,0,-0.14184159310075772,0,0
289,0,0,0,0.3990540639875876,0,-0.055203982513102545,0,0
290,0,0,0,0.38989017473331217,0,-0.13752025034055437,0,0
291,0,0,0,0.366701930323465,0,-0.27233189509683786,0,0
292,0,0,0,0.37489476390749704,0,-0.19220861369862652,0,0
293,0,0,0,0.37680881087437523,0,-0.20257709276791003,0,0
294,0,0,0,0.4000035707740089,0,-0.2060351233243196,0,0
295,0,0,0,0.4485978139391756,0,-0.37629727055806184,0,0
296,0,0,0,0.42346665892952284,0,-0.7111298300464668,0,0
297,0,0,0,0.4565145895611582,0,-0.17289199483008488,0,0
298,0,0,0,0.4404516443678413,0,-0.2709243659124745,0,0
299,0,0,0,0.453646553845982,0,-0.8830399471634314,0,0
300,0,0,0,0.4353308947810029,0,-0.5281902822297972,0,0
301,0,0,0,0.4393047935832183,0,-0.4222641231327917,0,0
302,0,0,0,0.4621700386657205,0,-0.30912430291174564,0,0
303,0,0,0,0.4835454779690389,0,-0.3799341861207055,0,0
304,0,0,1,0.5496101033552563,1,0.17355169042560137,1,1
305,0,0,0,0.4522986267202033,0,-0.8598862424661387,0,0
306,0,0,0,0.4614104778497712,0,-1.3753847714357081,0,0
307,0,0,1,0.54073852731811,1,0.00013938768129850843,1,1
308,0,0,1,0.5444381521405484,0,-0.00022961284094247247,0,1
309,0,0,1,0.5750478256887671,0,-0.049052178916613176,0,1
310,0,0,1,0.5399069501271975,1,0.09965052014408515,1,1
311,0,0,0,0.506199472614909,1,7.811483509811978e-06,0,1
312,0,0,0,0.4477377085185686,0,-0.01532180651960946,0,0
313,0,0,0,0.4172876484241695,0,-0.0714304746345964,0,0
314,0,0,0,0.37959525051341486,0,-0.2171176887346573,0,0
315,0,0,0,0.3738723717134325,0,-0.2229144204868918,0,0
316,0,0,0,0.3721515317686688,0,-0.24062736871387935,0,0
317,0,0,0,0.3781499131073001,0,-0.22721707405034985,0,0
318,0,0,0,0.39709991519190596,0,-0.22460201142031755,0,0
319,0,0,0,0.4685175146394187,0,-0.07340324269274667,0,0
320,0,0,0,0.42473198377787214,0,-0.5007774952575748,0,0
321,0,0,0,0.4566853828897134,0,-0.00038132092506737436,0,0
322,0,0,0,0.4479710905197004,0,-0.2984921850295965,0,0
323,0,0,0,0.4798319115708947,0,-0.53339176469045,0,0
324,0,0,0,0.45248127281069866,0,-0.4993432109803577,0,0
325,0,0,0,0.433300623833622,0,-0.4336661071089045,0,0
326,0,0,0,0.40403593752467,0,-0.8966250254386856,0,0
327,0,0,0,0.442470834745123,0,-0.9371287588440471,0,0
328,0,0,0,0.4338352294104851,0,-1.0100457141079717,0,0
329,0,0,0,0.4551740927590312,0,-0.5594002617753575,0,0
330,0,0,0,0.4530489243870196,0,-1.3001362014273012,0,0
331,0,0,0,0.4837557900001842,0,-0.5696228987714198,0,0
332,0,0,0,0.4871605920710087,0,-0.7115849299467141,0,0
333,0,0,0,0.4852835623951978,0,-0.9543256463365646,0,0
334,0,0,0,0.5138890216099671,0,-0.31155014987898655,0,0
335,0,0,0,0.4556213285521413,0,-0.3959479742908538,0,0
336,0,0,0,0.40525816751583904,0,-0.27509827189243063,0,0
337,0,0,0,0.3935490109343838,0,-0.11198454510373912,0,0
338,0,0,0,0.3767680245796876,0,-0.20675045624445243,0,0
339,0,0,0,0.3678445644286601,0,-0.2783525933039295,0,0
340,0,0,0,0.36563433845224597,0,-0.2817940977480431,0,0
341,0,0,0,0.37187241525509923,0,-0.2626421164493884,0,0
342,0,0,0,0.39355597166279016,0,-0.2835795729153068,0,0
343,0,0,0,0.4395650397370806,0,-0.22839017380982662,0,0
344,0,0,0,0.42937083607582344,0,-0.3448854220585864,0,0
345,0,0,0,0.42793168138289256,0,-0.37337648654797606,0,0
346,0,0,0,0.4088696700885591,0,-0.5711467722634076,0,0
347,0,0,0,0.47773770298520757,0,-0.4192041879355708,0,0
348,0,0,0,0.4424167985852843,0,-0.49836554303690583,0,0
349,0,0,0,0.45737417980278006,0,-0.019994484097500376,0,0
350,0,0,0,0.4046706803481776,0,-0.7620151501291939,0,0
351,0,0,0,0.44913058297188785,0,-0.6441825917924517,0,0
352,0,0,0,0.4486968064343443,0,-0.8028840290758628,0,0
353,0,0,0,0.4816880144254729,1,0.0002791473618564133,0,1
354,0,0,0,0.43151764648641,0,-1.2331017764964485,0,0
355,0,0,0,0.45703277164394135,0,-0.7067599672993801,0,0
356,0,0,0,0.4775167821583848,0,-0.7037495246198886,0,0
357,0,0,0,0.48492390267429364,0,-0.535275527382213,0,0
358,0,0,0,0.49609150940884983,0,-0.2524618943877477,0,0
359,0,0,0,0.4822622194850984,0,-0.2529736332823407,0,0
360,0,0,0,0.42643803129443447,0,-0.07643968887940389,0,0
361,0,0,0,0.3963246807417178,0,-0.07181285065243737,0,0
362,0,0,0,0.37565842900922053,0,-0.19952056578818267,0,0
363,0,0,0,0.3805281874738656,0,-0.19636994010100617,0,0
364,0,0,0,0.3759778974561591,0,-0.18271498830777988,0,0
365,0,0,0,0.3771589980771579,0,-0.19583532401579928,0,0
366,0,0,0,0.3887337061449035,0,-0.27562234206534253,0,0
367,0,0,0,0.42945809468602897,0,-0.3058802573046209,0,0
368,0,0,0,0.42249122495775354,0,-0.584687650804911,0,0
369,0,0,0,0.43800425243477836,0,-0.40096608597164396,0,0
370,0,0,0,0.41120559398790296,0,-0.66208954015752,0,0
371,0,0,0,0.48522733804798096,0,-0.5152016741321059,0,0
372,0,0,0,0.46925438155851534,0,-0.16172322108516113,0,0
373,0,0,0,0.4557039561537927,0,-0.11319600656472728,0,0
374,0,0,0,0.4967694446060589,0,-5.5675884490291594e-05,0,0
375,0,0,0,0.49391544261830306,0,-0.04554513892321177,0,0
376,0,0,0,0.476045073107288,0,-0.6363670075154242,0,0
377,0,0,1,0.5336343923635505,1,0.13621685028659236,1,1
378,0,0,1,0.5534445505130958,1,0.026388258361664807,1,1
379,0,0,0,0.5085537804918308,0,-0.29984376666064616,0,0
380,0,0,0,0.4785008130278134,0,-0.6438469473619661,0,0
381,0,0,0,0.5206409251517514,0,-0.12956967919146578,0,0
382,0,0,0,0.4912376251354957,0,-0.35972390139464805,0,0
383,0,0,0,0.45371936964630905,0,-0.4833208230275443,0,0
384,0,0,0,0.41186398754103637,0,-0.415116631197086,0,0
385,0,0,0,0.4128196600896466,0,-0.03725731303231772,0,0
386,0,0,0,0.39109081772776033,0,-0.12337361197991203,0,0
387,0,0,0,0.37982100166778854,0,-0.1771678620477002,0,0
388,0,0,0,0.3787613212358201,0,-0.17610255404170294,0,0
389,0,0,0,0.37489956982860073,0,-0.24629843964084674,0,0
390,0,0,0,0.37636839498807517,0,-0.378762892843846,0,0
391,0,0,0,0.41360186568096335,0,-0.4715665030834617,0,0
392,0,0,0,0.4300535191343474,0,-0.7164142603712644,0,0
393,0,0,0,0.46898591888354163,0,-0.35809923436415536,0,0
394,0,0,0,0.49588162331687274,0,-0.13412557769131483,0,0
395,0,0,1,0.5321724982946452,0,-0.16554488953596191,0,1
396,0,0,0,0.4419573223772761,0,-0.8908647878302878,0,0
397,0,0,0,0.4467840348823022,0,-0.849344043418522,0,0
398,0,0,0,0.4752725225484871,0,-0.21388184947484667,0,0
399,0,0,0,0.4934060532476452,0,-0.17289407402706658,0,0
400,0,0,0,0.46449147909018357,0,-0.9669498659465088,0,0
401,0,0,0,0.44413937063880077,0,-1.18329969215544,0,0
402,0,0,0,0.4953581146382686,0,-0.6455206070078039,0,0
403,0,0,0,0.5041559537050085,0,-0.6450806671097649,0,0
404,0,0,0,0.47395666965956196,0,-0.6325294820339789,0,0
405,0,0,0,0.5071917424023276,0,-0.08468015266536444,0,0
406,0,0,0,0.5040200292726467,0,-0.11341413423797508,0,0
407,0,0,0,0.44099596237561284,0,-0.614346119296024,0,0
408,0,0,0,0.43625788725141346,0,-0.286602814697797,0,0
409,0,0,0,0.40214448508068346,0,-0.14036505072963124,0,0
410,0,0,0,0.3905586116774323,0,-0.1450982085834731,0,0
411,0,0,0,0.3765900019571395,0,-0.26344420912462185,0,0
412,0,0,0,0.3799166397276086,0,-0.23265216800671507,0,0
413,0,0,0,0.38183410661517536,0,-0.2378874258819934,0,0
414,0,0,0,0.3847390615767267,0,-0.23456199136720546,0,0
415,0,0,0,0.41139544819543467,0,-0.40743730085992036,0,0
416,0,0,0,0.42170426897261504,0,-0.7322128229210088,0,0
417,0,0,0,0.4632154146878893,0,-0.5521709580335852,0,0
418,0,0,0,0.4785317570261011,0,-0.5670079314491105,0,0
419,0,0,0,0.48760869459634715,0,-0.6625184465370637,0,0
420,0,0,0,0.46834243427573186,0,-0.9305067358177772,0,0
421,0,0,0,0.4635487425813164,0,-0.8346217517602859,0,0
422,0,0,0,0.5019864818356232,0,-0.00012437828969291687,0,0
423,0,0,0,0.4785212139375364,0,-0.5928528963476505,0,0
424,0,0,0,0.44125265910283656,0,-1.4818345322592443,0,0
425,0,0,0,0.446765684637608,0,-1.4744387558477619,0,0
426,0,0,0,0.4709816506994651,0,-1.012126159609322,0,0
427,0,0,0,0.4446251844283041,0,-1.264495737775039,0,0
428,0,0,0,0.4503342367091599,0,-1.0903098328261414,0,0
429,0,0,1,0.5335808867004423,1,1.8399039318772736e-06,1,1
430,0,0,0,0.5014329081772148,0,-0.0583182718441102,0,0
431,0,0,0,0.4586068651700555,0,-0.15344199655059398,0,0
432,0,0,0,0.43260446124625307,0,-0.00015950722492075187,0,0
433,0,0,0,0.40938964634084457,0,-0.0418573471455197,0,0
434,0,0,0,0.3862475669021414,0,-0.11921270461454458,0,0
435,0,0,0,0.38716509185718795,0,-0.1358229841152232,0,0
436,0,0,0,0.38529780913897776,0,-0.15539307295059457,0,0
437,0,0,0,0.3752769301740726,0,-0.22937943567632502,0,0
438,0,0,0,0.38038923557974774,0,-0.36748492476884564,0,0
439,0,0,0,0.4451914044487563,0,-0.0999497559607736,0,0
440,0,0,0,0.4545421153448326,0,-0.20821182233088464,0,0
441,0,0,0,0.4397177490752639,0,-0.31736245080385217,0,0
442,0,0,0,0.4251660465790153,0,-0.5774535169816377,0,0
443,0,0,0,0.48244527081520283,0,-0.38484035974998054,0,0
444,0,0,0,0.42430655985117494,0,-0.7796360486511174,0,0
445,0,0,0,0.4535075662052331,0,-0.10011982665052921,0,0
446,0,0,0,0.4434692950403343,0,-0.23916732154176312,0,0
447,0,0,0,0.44793095964770124,0,-0.5442690292033112,0,0
448,0,0,0,0.4506506477433507,0,-0.6163334540654284,0,0
449,0,0,0,0.4665409888300977,0,-0.4876489697643849,0,0
450,0,0,0,0.4691886042666725,0,-0.6655990571973627,0,0
451,0,0,0,0.48893257738762125,0,-6.631168593251857e-05,0,0
452,0,0,0,0.48250201726961367,0,-0.31962443062350987,0,0
453,0,0,0,0.46596336782062303,0,-0.6663811948986034,0,0
454,0,0,0,0.4846860417584951,0,-0.21029274827843114,0,0
455,0,0,0,0.4605226535625964,0,-0.16918999671574175,0,0
456,0,0,0,0.4033287111325837,0,-0.30641358488979575,0,0
457,0,0,0,0.3985983874266962,0,-0.17008982974525289,0,0
458,0,0,0,0.37563242854322054,0,-0.22635861167716564,0,0
459,0,0,0,0.37373276435961816,0,-0.2480523902805407,0,0
460,0,0,0,0.3838568713524373,0,-0.19093348055984816,0,0
461,0,0,0,0.3805795151654178,0,-0.25032118327235553,0,0
462,0,0,0,0.37538491883573966,0,-0.4165177411028873,0,0
463,0,0,0,0.42101059218506565,0,-0.4520647194738112,0,0
464,0,0,0,0.42692561670689616,0,-0.3990531777991202,0,0
465,0,0,0,0.4345449111814575,0,-0.21796912220686782,0,0
466,0,0,0,0.42332800193378267,0,-0.3003370537234855,0,0
467,0,0,0,0.4967389221411578,0,-0.2143849531062041,0,0
468,0,0,0,0.43378408624324305,0,-0.568194465931787,0,0
469,0,0,0,0.43309421951995997,0,-0.40624007271907603,0,0
470,0,0,0,0.4270527077320078,0,-0.600485018679271,0,0
471,0,0,0,0.4416706434670054,0,-0.6914302820786484,0,0
472,0,0,0,0.4226808457252871,0,-1.0574301012662501,0,0
473,0,0,0,0.4315088960809092,0,-1.0711602629261616,0,0
474,0,0,0,0.4288390848043019,0,-1.4278328563297298,0,0
475,0,0,0,0.48280463474843677,0,-0.2747658023029813,0,0
476,0,0,0,0.4881091267519341,0,-0.4117493153463392,0,0
477,0,0,0,0.4784269643276228,0,-0.6686191232490559,0,0
478,0,0,0,0.4671966081797693,0,-0.41215792338129287,0,0
479,0,0,0,0.4188537723879102,0,-0.6287924480921023,0,0
480,0,0,0,0.40007452994434567,0,-0.3010470570397712,0,0
481,0,0,0,0.390420752727016,0,-0.1967249192332785,0,0
482,0,0,0,0.3718429055771465,0,-0.21245588702251883,0,0
483,0,0,0,0.36865708970757644,0,-0.2561745662042907,0,0
484,0,0,0,0.37988177205481477,0,-0.2021927921889244,0,0
485,0,0,0,0.38011719833965085,0,-0.2222170487888775,0,0
486,0,0,0,0.40086881993914775,0,-0.24085802632191866,0,0
487,0,0,0,0.43523699376189945,0,-0.2303893565651327,0,0
488,0,0,0,0.42712940561329754,0,-0.4141097385883028,0,0
489,0,0,0,0.450017022750452,0,-0.0027063036035706034,0,0
490,0,0,0,0.43323852334871593,0,-0.3798097970352936,0,0
491,0,0,0,0.44630575189210686,0,-0.7572153859625455,0,0
492,0,0,0,0.4206781999482964,0,-0.855921550822313,0,0
493,0,0,0,0.44773282406713344,0,-0.38580466186874807,0,0
494,0,0,0,0.42350768778784686,0,-0.6418816635153415,0,0
495,0,0,0,0.44575784666887047,0,-0.3634415413826422,0,0
496,0,0,0,0.4559451845698451,0,-0.5076117156746158,0,0
497,0,0,0,0.45065197863241374,0,-0.8293891965370754,0,0
498,0,0,0,0.43096648274157046,0,-1.331491914219861,0,0
499,0,0,0,0.504303304225425,0,-0.007967914915213647,0,0
500,0,0,0,0.5103465907243243,0,-0.07928989462442626,0,0
501,0,0,0,0.512374507285883,0,-0.21310896705582216,0,0
502,0,0,0,0.49617604862576636,1,0.00010035948331665878,0,1
503,0,0,0,0.4571328261657818,0,-0.18410734468963685,0,0
504,0,0,0,0.4348298152626259,0,-0.09925127411037504,0,0
505,0,0,0,0.405440755400835,0,-0.06000086902852031,0,0
506,0,0,0,0.37490569245159566,0,-0.26414242150659417,0,0
507,0,0,0,0.3719431898317529,0,-0.2744018924965843,0,0
508,0,0,0,0.37337636159261556,0,-0.22217492449312104,0,0
509,0,0,0,0.3753197490077822,0,-0.2501944336133719,0,0
510,0,0,0,0.3981145908866525,0,-0.3260341134661435,0,0
511,0,0,0,0.4286383751149946,0,-0.3877526614718865,0,0
512,0,0,0,0.4239884635628188,0,-0.6302380032769577,0,0
513,0,0,0,0.4440586059378654,0,-0.2480543714255865,0,0
514,0,0,0,0.4344872892558004,0,-0.399683721749994,0,0
515,0,0,0,0.4459486676947334,0,-0.7504546308480156,0,0
516,0,0,0,0.4184157144973356,0,-0.8504065836854884,0,0
517,0,0,0,0.46535406184486805,0,-0.4127143664087938,0,0
518,0,0,0,0.42727667549048165,0,-0.6945328920497773,0,0
519,0,0,0,0.4733201067053099,0,-0.1998146645367611,0,0
520,0,0,0,0.45707717333835063,0,-0.6438262918265485,0,0
521,0,0,0,0.48020089908166536,0,-0.26801240298360574,0,0
522,0,0,0,0.44813675383910206,0,-1.0947450250393707,0,0
523,0,0,0,0.5021629968626516,0,-0.19896971997295543,0,0
524,0,0,0,0.49483346852805943,0,-0.29649024133951585,0,0
525,0,0,0,0.4749190077827951,0,-0.43634328610636697,0,0
526,0,0,0,0.45022439008875254,0,-0.6496053213818995,0,0
527,0,0,0,0.4614178246280753,0,-0.19631437878380442,0,0
528,0,0,0,0.43768429050037533,0,-0.015775182744511174,0,0
529,0,0,0,0.3939533143472309,0,-0.1821461638294446,0,0
530,0,0,0,0.377650356492425,0,-0.2286593309125955,0,0
531,0,0,0,0.37135806345460554,0,-0.23700513017613467,0,0
532,0,0,0,0.37862889962757296,0,-0.19224254739938917,0,0
533,0,0,0,0.3734867508175347,0,-0.2316278411861128,0,0
534,0,0,0,0.38883428969546346,0,-0.3614393527443136,0,0
535,0,0,0,0.43794113905104937,0,-0.31208006245130404,0,0
536,0,0,0,0.4216399372701353,0,-0.4907632424739963,0,0
537,0,0,0,0.44705707132023775,0,-0.03614572630448176,0,0
538,0,0,0,0.4187619236735886,0,-0.5088009730240066,0,0
539,0,0,0,0.4673971496641058,0,-0.5383805184596673,0,0
540,0,0,0,0.4499067848640464,0,-0.6415251751755111,0,0
541,0,0,0,0.4460977577779234,0,-0.526131914599266,0,0
542,0,0,0,0.4499023169640332,0,-0.29187208104112194,0,0
543,0,0,0,0.4664211100761026,0,-0.4718724682789004,0,0
544,0,0,0,0.45422749562178605,0,-0.5287853707375558,0,0
545,0,0,0,0.46408779434785846,0,-0.3741993190993562,0,0
546,0,0,0,0.44369001609693826,0,-0.950766799301511,0,0
547,0,0,1,0.5324480150304937,0,-0.13820592881767624,0,1
548,0,0,0,0.4927912402920512,0,-0.2989170078063106,0,0
549,0,0,0,0.5091726794769897,0,-0.3223128327859275,0,0
550,0,0,0,0.4799232188886354,0,-0.705911459767782,0,0
551,0,0,0,0.4097275821388009,0,-1.0017635159238627,0,0
552,0,0,0,0.3958757709517809,0,-0.5096501079213969,0,0
553,0,0,0,0.38143814924375113,0,-0.2751548700362889,0,0
554,0,0,0,0.3652571058901418,0,-0.29526570398033547,0,0
555,0,0,0,0.3724067603668364,0,-0.2752677727813495,0,0
556,0,0,0,0.3725024405949734,0,-0.25882989246906263,0,0
557,0,0,0,0.37990904533092246,0,-0.22529386986735256,0,0
558,0,0,0,0.38275462718126746,0,-0.26527576326527624,0,0
559,0,0,0,0.40485761896750133,0,-0.4430327531863081,0,0
560,0,0,0,0.40332467795886723,0,-0.8284172200655795,0,0
561,0,0,0,0.41512091539220636,0,-0.9833894611204248,0,0
562,0,0,0,0.4593134419077581,0,-0.6311760544801732,0,0
563,0,0,0,0.4976476948578676,0,-0.47478384384116934,0,0
564,0,0,0,0.4920171143555643,0,-0.6985814242957615,0,0
565,0,0,0,0.48858416203209376,0,-0.6312142236328024,0,0
566,0,0,0,0.5104279846810921,0,-0.30504888708486444,0,0
567,0,0,0,0.5165149093073549,0,-0.14990326681406518,0,0
568,0,0,0,0.4869341121146277,0,-0.7513009565016677,0,0
569,0,0,0,0.4837094171848489,0,-0.7309972447018418,0,0
570,0,0,0,0.49116117682204813,0,-0.35095016481716,0,0
571,0,0,0,0.5140300040391347,0,-0.12494966771817895,0,0
572,0,0,0,0.462161021150033,0,-0.8765133391270812,0,0
573,0,0,0,0.4529330842074867,0,-1.0610484194523124,0,0
574,0,0,0,0.4432114701690228,0,-0.7774518635677214,0,0
575,0,0,0,0.40446373854130635,0,-0.7932949880220956,0,0
576,0,0,0,0.3883954900031203,0,-0.5373866981445827,0,0
577,0,0,0,0.3930516220690797,0,-0.21773622056494224,0,0
578,0,0,0,0.3789595942901178,0,-0.18524770649398548,0,0
579,0,0,0,0.3707681545686708,0,-0.2502608957872501,0,0
580,0,0,0,0.3677238113835412,0,-0.2841176957250946,0,0
581,0,0,0,0.3765666852655011,0,-0.24753507699052157,0,0
582,0,0,0,0.39157083522758135,0,-0.1889706638181794,0,0
583,0,0,0,0.4200269947886903,0,-0.47632433668609675,0,0
584,0,0,0,0.43848824307453765,0,-0.6233315902696726,0,0
585,0,0,0,0.4582608443996527,0,-0.6430254807140581,0,0
586,0,0,0,0.5060300611903804,0,-0.10138232812567782,0,0
587,0,0,0,0.5267136370647338,0,-0.01009915096306413,0,0
588,0,0,0,0.5103746986349648,0,-0.28728183015971576,0,0
589,0,0,0,0.5094996737146489,0,-0.16412783414157106,0,0
590,0,0,0,0.51456836688029,1,0.00014246630939496185,0,1
591,0,0,0,0.4722105093058216,0,-0.6221737591344261,0,0
592,0,0,0,0.477271650525799,0,-1.02815745494556,0,0
593,0,0,0,0.45336740376408136,0,-1.2388203402059532,0,0
594,0,0,0,0.42999573234842703,0,-1.3409217202495278,0,0
595,0,0,0,0.4342294326720577,0,-1.151433682966553,0,0
596,0,0,0,0.4639154088780348,0,-0.7417508822947001,0,0
597,0,0,1,0.531653442166075,1,0.08241069901938003,1,1
598,0,0,0,0.4633258738021161,0,-0.41795148012187644,0,0
599,0,0,0,0.42838490919737937,0,-0.31469483323017666,0,0
600,0,0,0,0.41495203709970463,0,-0.15676404160911428,0,0
601,0,0,0,0.4024428699085823,0,-0.0003358654642515724,0,0
602,0,0,0,0.3745118160529685,0,-0.257129844110763,0,0
603,0,0,0,0.3772279956004359,0,-0.24075524637672574,0,0
604,0,0,0,0.3702258394205887,0,-0.2638938697740101,0,0
605,0,0,0,0.38337213397712144,0,-0.1926508938814835,0,0
606,0,0,0,0.3974752850777636,0,-0.2205912134857244,0,0
607,0,0,0,0.4599197482641528,1,0.0003523787678836321,0,1
608,0,0,0,0.4282206971594356,0,-0.6014281700668462,0,0
609,0,0,0,0.43780826452921934,0,-0.16986810682443654,0,0
610,0,0,0,0.4432324371948457,0,-0.21761979137905696,0,0
611,0,0,0,0.4765619480038385,0,-0.38420726076497047,0,0
612,0,0,0,0.43288479378879174,0,-0.5525458169303947,0,0
613,0,0,0,0.42797044541406676,0,-0.48413546246611805,0,0
614,0,0,0,0.4448631167217152,0,-0.12139746689824094,0,0
615,0,0,0,0.4787524079329021,0,-0.38714212373353885,0,0
616,0,0,0,0.47934322071102586,0,-0.4354503094101885,0,0
617,0,0,0,0.4514411388137138,0,-0.5998913017570948,0,0
618,0,0,0,0.4284449418125512,0,-1.3758681624971225,0,0
619,0,0,0,0.47608634886487056,0,-0.6015896322239334,0,0
620,0,0,0,0.4942780035879338,0,-0.4313700186338947,0,0
621,0,0,0,0.4841949369537989,0,-0.549969539279112,0,0
622,0,0,0,0.4538036100997678,0,-0.3706921740126976,0,0
623,0,0,0,0.4577441528027738,0,-0.18785622309949623,0,0
624,0,0,0,0.42179580246888715,0,-0.02922590299299266,0,0
625,0,0,0,0.3866843391575161,0,-0.2706346268673143,0,0
626,0,0,0,0.3779656527821552,0,-0.19801672304944162,0,0
627,0,0,0,0.37425165325026905,0,-0.23226796820871476,0,0
628,0,0,0,0.37241672471327103,0,-0.23116121006128054,0,0
629,0,0,0,0.37162600689562236,0,-0.23294444427025018,0,0
630,0,0,0,0.3908710677498517,0,-0.24059670405955869,0,0
631,0,0,0,0.4353981685221305,0,-0.2814113533888358,0,0
632,0,0,0,0.42219085936892337,0,-0.4654965323891873,0,0
633,0,0,0,0.4280982515169761,0,-0.26168535006969895,0,0
634,0,0,0,0.4178523854680048,0,-0.5712815307868842,0,0
635,0,0,0,0.5160437046822582,1,0.00023520573932778177,0,1
636,0,0,0,0.44595855420431124,0,-0.6796058084396646,0,0
637,0,0,0,0.43447151934419465,0,-0.3906717542681739,0,0
638,0,0,0,0.43595614055658327,0,-0.5355011005325934,0,0
639,0,0,0,0.4581770482973587,0,-0.4350519949723122,0,0
640,0,0,0,0.44218893559112127,0,-0.6811524308001329,0,0
641,0,0,0,0.44037791114415137,0,-0.9004510935854211,0,0
642,0,0,0,0.42736380978204136,0,-1.313339030664061,0,0
643,0,0,0,0.511531195239355,0,-0.3039531417021646,0,0
644,0,0,0,0.4797311196405224,0,-0.3174724845659185,0,0
645,0,0,0,0.5045653154644009,0,-0.42476266712481303,0,0
646,0,0,0,0.4808378800103996,0,-0.44789726446191924,0,0
647,0,0,0,0.4411986039064759,0,-0.41827423149601195,0,0
648,0,0,0,0.4214291841233457,0,-0.055445857992925784,0,0
649,0,0,0,0.40394843957221443,0,-0.03394377153378647,0,0
650,0,0,0,0.3712763181807908,0,-0.2346232856867605,0,0
651,0,0,0,0.37863643800839214,0,-0.23381210449836676,0,0
652,0,0,0,0.3728565001992569,0,-0.25587321832080123,0,0
653,0,0,0,0.3767399247196148,0,-0.21908489872254755,0,0
654,0,0,0,0.3858405062064341,0,-0.2317725261062864,0,0
655,0,0,0,0.43692475791849605,0,-0.2009942238157847,0,0
656,0,0,0,0.4481965637033552,0,-0.06457169088507086,0,0
657,0,0,0,0.43172193052741786,0,-0.13861117057051286,0,0
658,0,0,0,0.4286922492725647,0,-0.6328149154311493,0,0
659,0,0,1,0.5484687314372148,1,0.016602087274424804,1,1
660,0,0,0,0.4372827510979737,0,-0.7038305533854592,0,0
661,0,0,0,0.4377602202633951,0,-0.47310145735154974,0,0
662,0,0,0,0.45221608657635154,0,-0.15214604417977995,0,0
663,0,0,0,0.4691616317083099,0,-0.11762422430611252,0,0
664,0,0,0,0.43669535588489483,0,-0.8414630484596382,0,0
665,0,0,0,0.4455354020544114,0,-0.9372506797970401,0,0
666,0,0,0,0.43259545702997115,0,-1.24749691165183,0,0
667,0,0,0,0.5021195647839443,0,-0.27975195709456635,0,0
668,0,0,0,0.5072636386168008,0,-0.3363452467338055,0,0
669,0,0,0,0.4887836367741602,0,-0.4266751406330469,0,0
670,0,0,0,0.4825490055299771,0,-0.2122184366253701,0,0
671,0,0,0,0.43914675089731353,0,-0.31173471691283483,0,0
672,0,0,0,0.41401527056023213,0,-0.1585987199051644,0,0
673,0,0,0,0.40659825557664603,0,-0.06051153085309302,0,0
674,0,0,0,0.3776616299926112,0,-0.24981487582550566,0,0
675,0,0,0,0.37355741182351404,0,-0.20575656861577318,0,0
676,0,0,0,0.3795669502298875,0,-0.1443210532793997,0,0
677,0,0,0,0.37457741957298535,0,-0.23960249803105826,0,0
678,0,0,0,0.3882419008539625,0,-0.31166127280862455,0,0
679,0,0,0,0.437987631254877,0,-0.25380574215854246,0,0
680,0,0,0,0.4402874659492487,0,-0.29721940010193393,0,0
681,0,0,0,0.4474286597771569,0,-0.024613177774054584,0,0
682,0,0,0,0.4446268154225707,0,-0.3049644925281596,0,0
683,0,0,0,0.5178460847486395,0,-0.4318648608402049,0,0
684,0,0,0,0.4214945819126393,0,-0.9902144981367247,0,0
685,0,0,0,0.42213211493632796,0,-0.5329988863545316,0,0
686,0,0,0,0.4431654846924305,0,-0.19177884123182976,0,0
687,0,0,0,0.4454276079418089,0,-0.3969302449793126,0,0
688,0,0,0,0.4669897742854254,0,-0.5341677353705241,0,0
689,0,0,0,0.443569877629047,0,-0.8012871047786585,0,0
690,0,0,0,0.42550765550494885,0,-1.322280504293213,0,0
691,0,0,1,0.5306740955460716,0,-0.000293454189596698,0,1
692,0,0,1,0.5289418160958395,1,3.178218707633462e-05,1,1
693,0,0,0,0.48912032914471587,0,-0.42318506629334474,0,0
694,0,0,0,0.4679406209241483,0,-0.6331204982422185,0,0
695,0,0,0,0.4409205046355644,0,-0.3248471648367919,0,0
696,0,0,0,0.39866201594411604,0,-0.3044731111390728,0,0
697,0,0,0,0.3808547070324118,0,-0.17233766002523287,0,0
698,0,0,0,0.3738778658772051,0,-0.22281817358672962,0,0
699,0,0,0,0.3738356996845042,0,-0.23023189398243593,0,0
700,0,0,0,0.37484549140730417,0,-0.2370103627013127,0,0
701,0,0,0,0.37942517917417756,0,-0.223972827779908,0,0
702,0,0,0,0.3899561456939441,0,-0.34965114019138976,0,0
703,0,0,0,0.4253716918509997,0,-0.3846836383313361,0,0
704,0,0,0,0.41295554959208075,0,-0.5737182958951301,0,0
705,0,0,0,0.4186320731162732,0,-0.3553454461624539,0,0
706,0,0,0,0.4290747145374482,0,-0.51490751569201,0,0
707,0,0,1,0.5380085513121714,1,0.0002278634657417733,1,1
708,0,0,0,0.4690719893238558,0,-0.5365821412656917,0,0
709,0,0,0,0.43727913891471615,0,-0.5159217620398233,0,0
710,0,0,0,0.4359356805097808,0,-0.4450890843165909,0,0
711,0,0,0,0.5226236509290065,0,-0.0005407187847090711,0,0
712,0,0,0,0.47783161227326904,0,-0.1793074655552669,0,0
713,0,0,0,0.4692159902662688,0,-0.03804556573236306,0,0
714,0,0,0,0.4714618902139382,0,-0.5777929102403645,0,0
715,0,0,1,0.5424870954122303,1,0.04444770908508833,1,1
716,0,0,0,0.508103356214986,0,-0.11131210378805134,0,0
717,0,0,0,0.48161676168227036,0,-0.39209253711901226,0,0
718,0,0,0,0.4805210755272961,0,-0.17394225313807699,0,0
719,0,0,0,0.4636731094866128,0,-0.11745386529390212,0,0
720,0,0,0,0.42718858868653103,0,-0.28642981112299193,0,0
721,0,0,0,0.4000341206683782,0,-0.2108166779346652,0,0
722,0,0,0,0.3723581853243308,0,-0.2750009228880388,0,0
723,0,0,0,0.37017554072749703,0,-0.29589112812851326,0,0
724,0,0,0,0.37233242553971224,0,-0.2676984552121371,0,0
725,0,0,0,0.3766959289785804,0,-0.21853198840591892,0,0
726,0,0,0,0.3875327377214176,0,-0.32124497154531007,0,0
727,0,0,0,0.3923020633364461,0,-0.8920775753426118,0,0
728,0,0,0,0.4208349860297624,0,-0.9041647031478832,0,0
729,0,0,0,0.4453671453356908,0,-0.8208111107923313,0,0
730,0,0,0,0.5255164065707383,0,-0.016606589095307545,0,0
731,0,0,1,0.5426254569516934,1,0.013690123728544723,1,1
732,0,0,0,0.50506637072368,0,-0.32923520779318505,0,0
733,0,0,0,0.5046605559909534,0,-0.3629358609181583,0,0
734,0,0,0,0.5137204491520175,0,-0.0667904516214608,0,0
735,0,0,0,0.5263067686392685,0,-7.723575676576999e-05,0,0
736,0,0,0,0.49637041541234284,0,-0.645200171477267,0,0
737,0,0,0,0.46141947515416437,0,-0.8944441641810559,0,0
738,0,0,0,0.5030028674368616,0,-0.2210362449512786,0,0
739,0,0,0,0.5279414050036267,0,-0.22262620941666933,0,0
740,0,0,0,0.5006362086712328,0,-0.4282441296504058,0,0
741,0,0,0,0.4845876497373659,0,-0.3270449689161312,0,0
742,0,0,0,0.4527347225068438,0,-0.4152801140280906,0,0
743,0,0,0,0.4565412422669508,0,-0.29159398544456927,0,0
744,0,0,0,0.42254944765423313,0,-0.36072889820620757,0,0
745,0,0,0,0.3817940662862341,0,-0.3660100454845385,0,0
746,0,0,0,0.3678521166655467,0,-0.33104972899828056,0,0
747,0,0,0,0.3666977995907346,0,-0.30866159869056764,0,0
748,0,0,0,0.37604298146192106,0,-0.24457269546585048,0,0
749,0,0,0,0.3777477304454793,0,-0.21277000817537095,0,0
750,0,0,0,0.387007981047467,0,-0.3127705117937869,0,0
751,0,0,0,0.4146526273995313,0,-0.5720433382879544,0,0
752,0,0,0,0.4378443712182542,0,-0.7033828584036219,0,0
753,0,0,0,0.4792613357758116,0,-0.3018347102883725,0,0
754,0,0,0,0.4965633909428283,0,-0.44159732776451843,0,0
755,0,0,0,0.4791693991822648,0,-0.6739242917725532,0,0
756,0,0,0,0.46096823421014965,0,-1.0135377766354807,0,0
757,0,0,0,0.47228703699577673,0,-0.4798459809727076,0,0
758,0,0,0,0.44705807611254383,0,-0.8762540215162513,0,0
759,0,0,0,0.43129397449033774,0,-1.2134826347740275,0,0
760,0,0,0,0.4351767150602749,0,-1.4199525103811124,0,0
761,0,0,0,0.4296800828853497,0,-1.2994982421839185,0,0
762,0,0,0,0.4810853948682031,0,-0.7552806476987559,0,0
763,0,0,0,0.4871047618624614,0,-0.5178370947765449,0,0
764,0,0,0,0.48057622193964683,0,-0.4551319073712463,0,0
765,0,0,0,0.5092072675695288,1,0.00011790451597937235,0,1
766,0,0,0,0.46390125366727114,0,-0.3531192857048211,0,0
767,0,0,0,0.4479399292914388,0,-0.209898132672675,0,0
768,0,0,0,0.4102935727663818,0,-0.28094435460359835,0,0
769,0,0,0,0.3861392040683874,0,-0.16513517760089913,0,0
770,0,0,0,0.3759751619375082,0,-0.18085471870299896,0,0
771,0,0,0,0.3659900207736707,0,-0.28976528283623937,0,0
772,0,0,0,0.3722909490767687,0,-0.2574878980867821,0,0
773,0,0,0,0.3748826917369221,0,-0.2668580088728807,0,0
774,0,0,0,0.3855226089506973,0,-0.37601565617815425,0,0
775,0,0,0,0.44827427015232924,0,-0.18567614772235164,0,0
776,0,0,0,0.42102912482560445,0,-0.5239143243668751,0,0
777,0,0,0,0.45320643871846383,0,-0.14505966908328283,0,0
778,0,0,0,0.43593126965007045,0,-0.316628177352134,0,0
779,0,0,0,0.5245113635818901,0,-0.11246516793666705,0,0
780,0,0,0,0.4524472945911506,0,-0.5404298638094214,0,0
781,0,0,0,0.4635075284228785,0,-0.08982222103022863,0,0
782,0,0,0,0.4272293938537508,0,-0.4868632824826782,0,0
783,0,0,0,0.45338372429949153,0,-0.5965792355531154,0,0
784,0,0,0,0.4379525865029478,0,-0.8844327596356849,0,0
785,0,0,0,0.448450764350907,0,-0.46996749670875904,0,0
786,0,0,0,0.43097187452858426,0,-1.146652435061808,0,0
787,0,0,0,0.49118772680151407,0,-0.3379670785761957,0,0
788,0,0,0,0.5260649278883152,0,-0.03922853165656548,0,0
789,0,0,0,0.517446472005912,1,0.0002636710851344759,0,1
790,0,0,0,0.49101679185974745,0,-0.00015700706703247747,0,0
791,0,0,0,0.44836822060613124,0,-0.08756188492991335,0,0
792,0,0,0,0.39517282765065653,0,-0.2501490336851093,0,0
793,0,0,0,0.38553950851965924,0,-0.2146955151697134,0,0
794,0,0,0,0.37153390011280424,0,-0.26017205301374347,0,0
795,0,0,0,0.37075453467887237,0,-0.2357282355147765,0,0
796,0,0,0,0.37325522836746905,0,-0.2585179735710317,0,0
797,0,0,0,0.3745339666548266,0,-0.22070800372390664,0,0
798,0,0,0,0.39051351416404023,0,-0.34556609351978507,0,0
799,0,0,0,0.42016623065647735,0,-0.4094430437288423,0,0
800,0,0,0,0.42384882161628507,0,-0.5799606518473208,0,0
801,0,0,0,0.4319190252465085,0,-0.34935994546345306,0,0
802,0,0,0,0.4432448001477494,0,-0.2678769973028712,0,0
803,0,0,0,0.48520803361922493,0,-0.36112392788136916,0,0
804,0,0,0,0.46679805310053857,0,-0.2601178288186885,0,0
805,0,0,0,0.44660017652332534,0,-0.26013967883879907,0,0
806,0,0,0,0.4279641378276991,0,-0.534716387940656,0,0
807,0,0,0,0.44013386875960175,0,-0.6518931539163355,0,0
808,0,0,0,0.4402688380190483,0,-0.6529780990646916,0,0
809,0,0,0,0.44765790515410075,0,-0.3246833907326523,0,0
810,0,0,0,0.42999685934248866,0,-1.38252718278305,0,0
811,0,0,0,0.46228716093236133,0,-0.6317579815788941,0,0
812,0,0,0,0.47613752860079617,0,-0.5606744500757315,0,0
813,0,0,0,0.49811841974666243,0,-0.370449567218214,0,0
814,0,0,0,0.48707437774181805,0,-0.1202004770243641,0,0
815,0,0,0,0.45392545594115474,0,-0.07986911505912264,0,0
816,0,0,0,0.4008799589388401,0,-0.30435336490802234,0,0
817,0,0,0,0.39927155359397776,0,-0.09926039485703564,0,0
818,0,0,0,0.3747335426662285,0,-0.2069807143816571,0,0
819,0,0,0,0.368770359801354,0,-0.27771515980052497,0,0
820,0,0,0,0.37785863532377617,0,-0.24551916484893166,0,0
821,0,0,0,0.37286095690846893,0,-0.231511174450171,0,0
822,0,0,0,0.3842291196117435,0,-0.3724373179132887,0,0
823,0,0,0,0.43311891554787874,0,-0.3529195507029277,0,0
824,0,0,0,0.4280101956492372,0,-0.3311420726757994,0,0
825,0,0,0,0.4493823056015021,0,-0.04630934823593558,0,0
826,0,0,0,0.44198871138086016,0,-0.21861263658690966,0,0
827,0,0,0,0.48489314402892314,0,-0.30220651531239007,0,0
828,0,0,0,0.46019278294529076,0,-0.36747050237792855,0,0
829,0,0,0,0.42701477630173057,0,-0.6909021363612924,0,0
830,0,0,0,0.42391975668435417,0,-0.5654865087224565,0,0
831,0,0,0,0.4771870085088902,0,-0.19301502993957653,0,0
832,0,0,0,0.4995768217035253,0,-0.00046829672539772105,0,0
833,0,0,0,0.46024915127839783,0,-0.1258209328209272,0,0
834,0,0,0,0.43148219639637375,0,-1.0664968957030174,0,0
835,0,0,0,0.4914892170138313,0,-0.24582244073216142,0,0
836,0,0,0,0.5024501216745167,0,-0.22310222708210237,0,0
837,0,0,0,0.4682927361249725,0,-0.3874602304956771,0,0
838,0,0,0,0.4826121790970408,1,7.953248025938109e-06,0,1
839,0,0,0,0.43791481639671564,0,-0.3566299068670813,0,0
