time_index,mean_kpi,max_kpi,std_kpi,active_ratio,sigma_anomaly,iqr_anomaly,statistical_anomaly
0,0.039830420490764004,0.8233896581629121,0.08497684357578766,0.5142361111111111,0,0,0
1,0.04041165073876783,1.0,0.08868112030434709,0.49722222222222223,0,0,0
2,0.037709999586537785,0.8797950070519109,0.08169969495075916,0.5,0,0,0
3,0.06075591978286962,1.0,0.09450237425737126,0.6319444444444444,0,0,0
4,0.06281691540275058,0.7535050079384523,0.10219088936004954,0.6149305555555555,0,0,0
5,0.06307802516148588,0.9122648726938188,0.10442352568224823,0.6170138888888889,0,0,0
6,0.0721882313348486,0.958310926710074,0.11098676985049277,0.6725694444444444,0,0,0
7,0.09356563549684957,1.0,0.12351086692725464,0.7173611111111111,0,0,0
8,0.12468122718277781,1.0,0.14104705721684926,0.7635416666666667,0,0,0
9,0.13707864954655294,1.0,0.15472978901508336,0.7784722222222222,0,0,0
10,0.14074512622171534,1.0,0.15806775138422494,0.7788194444444444,0,0,0
11,0.15116535698999814,1.0,0.1566491819501433,0.8059027777777777,0,0,0
12,0.15934318190627156,1.0,0.16964877711741028,0.7986111111111112,0,0,0
13,0.15275249201183233,1.0,0.15938552936623093,0.7951388888888888,0,0,0
14,0.15801864965784546,1.0,0.16921450926933385,0.7961805555555556,0,0,0
15,0.158405712676212,1.0,0.16834852763471886,0.8027777777777778,0,0,0
16,0.16456774016322406,1.0,0.17221887630107557,0.7989583333333333,0,0,0
17,0.1690664620380766,1.0,0.17344618377847326,0.8097222222222222,0,0,0
18,0.16593511980334866,1.0,0.17176521705083447,0.7979166666666667,0,0,0
19,0.16476802707566102,1.0,0.1746447821333633,0.7979166666666667,0,0,0
20,0.1583394725632952,1.0,0.1720152680465339,0.7871527777777778,0,0,0
21,0.1575601320066266,1.0,0.17878653965962774,0.7878472222222223,0,0,0
22,0.15160546990382104,1.0,0.18174637128186813,0.7673611111111112,0,0,0
23,0.1335708208750917,1.0,0.17112396292060716,0.7458333333333333,0,0,0
24,0.10913627378088482,1.0,0.1451561884487664,0.7190972222222223,0,0,0
25,0.09116414998501536,1.0,0.13135652580917884,0.6798611111111111,0,0,0
26,0.07832233806499829,1.0,0.12262610131182261,0.6635416666666667,0,0,0
27,0.06904327782394863,1.0,0.10665093301932901,0.6569444444444444,0,0,0
28,0.06364662898056823,1.0,0.10438084360318993,0.6274305555555556,0,0,0
29,0.06305325149834447,1.0,0.1055657470345557,0.6229166666666667,0,0,0
30,0.06680295074680258,0.8656405723918617,0.10250414159165351,0.6489583333333333,0,0,0
31,0.09606593243236146,0.903497196038955,0.11845417983910385,0.7333333333333333,0,0,0
32,0.1228960225654421,1.0,0.1418679015750365,0.7565972222222223,0,0,0
33,0.13770522712189373,1.0,0.15502965775829256,0.7892361111111111,0,0,0
34,0.14368348985926602,1.0,0.16140946085976451,0.7822916666666667,0,0,0
35,0.1537856339718869,1.0,0.15950247401437032,0.7916666666666666,0,0,0
36,0.15861429281419653,1.0,0.16732503603249999,0.8065972222222222,0,0,0
37,0.1581586415827507,1.0,0.16385669439867978,0.8083333333333333,0,0,0
38,0.1664515265411135,1.0,0.17340934918317738,0.8065972222222222,0,0,0
39,0.17016937333338963,1.0,0.17739237832653754,0.8090277777777778,0,0,0
40,0.17408161779285986,1.0,0.176244622484354,0.8152777777777778,0,0,0
41,0.17278099085659446,0.9707928092810216,0.17290475228315483,0.8166666666666667,0,0,0
42,0.16767051452365925,1.0,0.17101651253699618,0.8045138888888889,0,0,0
43,0.16432355845050783,1.0,0.17026958236713594,0.8010416666666667,0,0,0
44,0.16339826459016704,1.0,0.1765126394288198,0.7951388888888888,0,0,0
45,0.16187869519552445,1.0,0.18116583714715376,0.7986111111111112,0,0,0
46,0.15224885196077312,1.0,0.18027735780327592,0.7701388888888889,0,0,0
47,0.13477196236176203,1.0,0.16738265031661756,0.7482638888888888,0,0,0
48,0.11337429979808013,1.0,0.14764719533757786,0.725,0,0,0
49,0.09660714357877632,1.0,0.1341695936204617,0.7045138888888889,0,0,0
50,0.07709530695917763,1.0,0.11440752887410502,0.6538194444444444,0,0,0
51,0.06809476372757867,0.9230785692818958,0.10442128471533765,0.646875,0,0,0
52,0.06788377689546705,1.0,0.11369264940789148,0.6347222222222222,0,0,0
53,0.06313002467013032,1.0,0.10456544064855659,0.6229166666666667,0,0,0
54,0.06807965882616294,1.0,0.1072579844850772,0.6444444444444445,0,0,0
55,0.09126316097695188,1.0,0.12123585521567808,0.7347222222222223,0,0,0
56,0.11166145851408717,1.0,0.13651888148369543,0.7427083333333333,0,0,0
57,0.13447517854223756,1.0,0.1524151836501395,0.7777777777777778,0,0,0
58,0.1529092360734779,1.0,0.16218555230072967,0.7958333333333333,0,0,0
59,0.1503820537219615,1.0,0.16062080054177547,0.7930555555555555,0,0,0
60,0.15778316244604274,1.0,0.16585034212568242,0.7951388888888888,0,0,0
61,0.16719686831343736,1.0,0.1720818196873122,0.7989583333333333,0,0,0
62,0.1672091553865203,1.0,0.17942911373902523,0.7975694444444444,0,0,0
63,0.1673606076355169,1.0,0.1690746494058484,0.8100694444444444,0,0,0
64,0.17172788756464047,1.0,0.17590828697241995,0.8052083333333333,0,0,0
65,0.15777716005601408,1.0,0.17286491430935227,0.7895833333333333,0,0,0
66,0.16227334473357444,1.0,0.1791020556994268,0.7805555555555556,0,0,0
67,0.16700685200842103,1.0,0.17732847279759645,0.7791666666666667,0,0,0
68,0.15996708043492477,1.0,0.1693193515128577,0.796875,0,0,0
69,0.153729953731321,1.0,0.17781931318026958,0.7861111111111111,0,0,0
70,0.14843255576280195,1.0,0.17685909899769095,0.7506944444444444,0,0,0
71,0.12801403409824552,1.0,0.1566937809721725,0.7475694444444444,0,0,0
72,0.11354822345942889,1.0,0.14898800434049775,0.7232638888888889,0,0,0
73,0.09368768550722607,0.8394759679228366,0.12916924993771942,0.684375,0,0,0
74,0.07959672059815678,1.0,0.11919064815268071,0.6597222222222222,0,0,0
75,0.06461251352813,0.9223813041869312,0.10237014897110096,0.6347222222222222,0,0,0
76,0.06489930023913668,1.0,0.1114758831546926,0.621875,0,0,0
77,0.06318216735204538,1.0,0.10947008765531191,0.6152777777777778,0,0,0
78,0.06847112912530778,1.0,0.10795135050555507,0.646875,0,0,0
79,0.09239830113094377,0.9890936958417084,0.1172942026987531,0.725,0,0,0
80,0.13022056220952458,1.0,0.14711820594033473,0.7659722222222223,0,0,0
81,0.15206070269756364,1.0,0.15907772711749354,0.8034722222222223,0,0,0
82,0.16735419023615739,1.0,0.1811724538726749,0.8027777777777778,0,0,0
83,0.15595000931950195,1.0,0.16107340907138257,0.8072916666666666,0,0,0
84,0.15998950507090434,1.0,0.16759538035157173,0.8020833333333334,0,0,0
85,0.16486875449324617,1.0,0.1708185248822074,0.8041666666666667,0,0,0
86,0.16318369880701575,1.0,0.17102154221753238,0.7940972222222222,0,0,0
87,0.15818257954827938,0.9864564325866024,0.1625676277002423,0.7951388888888888,0,0,0
88,0.16138193705783815,1.0,0.16009233523019561,0.8163194444444445,0,0,0
89,0.15043302388635368,1.0,0.156468261787833,0.7989583333333333,0,0,0
90,0.15472182442181837,1.0,0.1622561260082301,0.7927083333333333,0,0,0
91,0.16518528249780964,1.0,0.1701018748189687,0.8003472222222222,0,0,0
92,0.1615479079725088,1.0,0.16868771328846777,0.7892361111111111,0,0,0
93,0.15781675443635457,1.0,0.17569687849297722,0.7833333333333333,0,0,0
94,0.14523616531790606,1.0,0.1694273798208855,0.7628472222222222,0,0,0
95,0.12658460571435845,1.0,0.16243928975060054,0.7222222222222222,0,0,0
96,0.1074599870240119,1.0,0.14402841815638015,0.7170138888888888,0,0,0
97,0.08579148855330329,1.0,0.12699478924377913,0.6673611111111111,0,0,0
98,0.0741386310568786,0.884470040920766,0.11434594171103575,0.6559027777777777,0,0,0
99,0.06472823261256269,0.8546890403730377,0.1050388017311653,0.6277777777777778,0,0,0
100,0.06136749533043474,1.0,0.1048440555430917,0.6055555555555555,0,0,0
101,0.059249298108244274,1.0,0.10202926227143487,0.609375,0,0,0
102,0.07378401398546465,0.8147084940606814,0.10477081161841323,0.6847222222222222,0,0,0
103,0.11032310281010496,0.9892929770067738,0.13378572017470233,0.7420138888888889,0,0,0
104,0.12999391515552505,1.0,0.14280394787163017,0.7829861111111112,0,0,0
105,0.13803206583390437,1.0,0.15429566915622156,0.790625,0,0,0
106,0.1424082946483467,1.0,0.15560450249329433,0.7913194444444445,0,0,0
107,0.148319433085068,1.0,0.1579076898460484,0.7875,0,0,0
108,0.15686028007974595,1.0,0.1660293385984959,0.7892361111111111,0,0,0
109,0.1583678916991588,1.0,0.16695304721926835,0.7982638888888889,0,0,0
110,0.15476264007298596,1.0,0.16399935894791015,0.8010416666666667,0,0,0
111,0.16635773185099273,1.0,0.17719635597119424,0.8107638888888888,0,0,0
112,0.17288511417115768,1.0,0.1757747310900244,0.8180555555555555,0,0,0
113,0.1670041100952834,1.0,0.16840204858178745,0.8055555555555556,0,0,0
114,0.16336524733060975,1.0,0.16246184225669266,0.809375,0,0,0
115,0.16666259825544602,1.0,0.16751014525060934,0.8041666666666667,0,0,0
116,0.16626521910512576,1.0,0.17124561209362177,0.8079861111111111,0,0,0
117,0.15997552533964235,1.0,0.17361184496272536,0.7934027777777778,0,0,0
118,0.1429687487505389,1.0,0.16841667651357034,0.7538194444444445,0,0,0
119,0.1256228515691361,1.0,0.15622017339719196,0.7409722222222223,0,0,0
120,0.10574545183465922,1.0,0.14543066074975433,0.7083333333333334,0,0,0
121,0.08497307874953111,1.0,0.12535198614894666,0.6690972222222222,0,0,0
122,0.07051612736785609,0.8599631813237331,0.10871019195120474,0.6256944444444444,0,0,0
123,0.06414582806207253,0.8124362300302409,0.10376047038174296,0.6239583333333333,0,0,0
124,0.06128859340776841,1.0,0.10221079865585322,0.6163194444444444,0,0,0
125,0.0635577949862643,0.9539149356587712,0.1021669409515927,0.6302083333333334,0,0,0
126,0.06984702141965363,1.0,0.0985329366417746,0.6729166666666667,0,0,0
127,0.11769814056536172,1.0,0.1357929102686406,0.7645833333333333,0,0,0
128,0.13584180175551824,1.0,0.14924629518759042,0.7920138888888889,0,0,0
129,0.13923728681709985,1.0,0.1528124925230984,0.7885416666666667,0,0,0
130,0.15162358718470378,1.0,0.1589682894286242,0.80625,0,0,0
131,0.1542849129177226,1.0,0.15926144338400894,0.7920138888888889,0,0,0
132,0.15779635147749274,1.0,0.16062591403184542,0.8138888888888889,0,0,0
133,0.15139826070732076,1.0,0.1597854673274177,0.7965277777777777,0,0,0
134,0.15591864786801743,1.0,0.163232694386077,0.8027777777777778,0,0,0
135,0.16400256465649676,0.9990548918661788,0.16612903721572375,0.8083333333333333,0,0,0
136,0.17758562509355857,1.0,0.17632073416682675,0.8267361111111111,0,0,0
137,0.16644949814365756,1.0,0.16656717632666673,0.8138888888888889,0,0,0
138,0.17125445824189517,1.0,0.16885246894152733,0.8190972222222223,0,0,0
139,0.1804661160793342,1.0,0.179058102218955,0.8135416666666667,0,0,0
140,0.17190169666661345,1.0,0.17439781134002588,0.803125,0,0,0
141,0.15851572792815455,1.0,0.17271513875766303,0.7881944444444444,0,0,0
142,0.14987215871302353,1.0,0.17478756708201884,0.7684027777777778,0,0,0
143,0.12931153755943342,1.0,0.1614198131282488,0.7489583333333333,0,0,0
144,0.10674651701483479,1.0,0.1429262429886814,0.7083333333333334,0,0,0
145,0.08766824113576246,1.0,0.12857647590143942,0.6642361111111111,0,0,0
146,0.0696276825243952,0.9782678817571192,0.10718948834846788,0.6420138888888889,0,0,0
147,0.06584884690255939,1.0,0.10658762621466059,0.640625,0,0,0
148,0.0633953044341473,1.0,0.10399512247831873,0.6284722222222222,0,0,0
149,0.06256167257199294,0.9972927961132872,0.10527676756904783,0.6309027777777778,0,0,0
150,0.07823665160144368,0.9654378236622844,0.10651995973651937,0.6996527777777778,0,0,0
151,0.11776592053332428,0.9139416310949476,0.135796606909512,0.7600694444444445,0,0,0
152,0.1354913895907658,1.0,0.1473844373979327,0.7743055555555556,0,0,0
153,0.1424046722155598,1.0,0.15258736574089368,0.7961805555555556,0,0,0
154,0.1467534621827199,1.0,0.16023049915978715,0.7791666666666667,0,0,0
155,0.1494708072536655,1.0,0.15997163691755853,0.7829861111111112,0,0,0
156,0.1620228330238236,1.0,0.17390860946038747,0.7972222222222223,0,0,0
157,0.15612834458574945,1.0,0.16804903276591854,0.80625,0,0,0
158,0.15021297413757215,1.0,0.1608730779607609,0.7944444444444444,0,0,0
159,0.17196177380387312,1.0,0.17642163197620744,0.8111111111111111,0,0,0
160,0.18216609318472632,1.0,0.1815305867163322,0.8159722222222222,0,0,0
161,0.17194363848338784,1.0,0.1687373641956476,0.8090277777777778,0,0,0
162,0.17216544999243333,1.0,0.17336262615238773,0.8173611111111111,0,0,0
163,0.18184394783264246,1.0,0.18169856329655742,0.8166666666666667,0,0,0
164,0.174078676658231,1.0,0.18010979074370373,0.8065972222222222,0,0,0
165,0.1663014299314981,1.0,0.18138984627004343,0.7920138888888889,0,0,0
166,0.15247612478057768,1.0,0.17784431587869265,0.7690972222222222,0,0,0
167,0.04127316478692112,0.8760860854506345,0.08604429988131965,0.5079861111111111,0,0,0
168,0.1034868181889544,1.0,0.13872611386546668,0.7114583333333333,0,0,0
169,0.08338113544910464,1.0,0.12113954600191015,0.6621527777777778,0,0,0
170,0.07413936093465982,1.0,0.11330613833920233,0.6684027777777778,0,0,0
171,0.0667087508555406,0.9744962209958562,0.09935820296668264,0.6538194444444444,0,0,0
172,0.06535596682836588,0.8727487310943843,0.10204470882475423,0.625,0,0,0
173,0.06386652999361994,0.9621241515334024,0.10162061824804502,0.6302083333333334,0,0,0
174,0.07701307933941992,0.8516681982446868,0.10776228203025486,0.6909722222222222,0,0,0
175,0.11795973557394872,1.0,0.13975963814012493,0.7618055555555555,0,0,0
176,0.14236656533339542,1.0,0.15728371541048206,0.7833333333333333,0,0,0
177,0.14399740507921446,1.0,0.1594469119909964,0.7788194444444444,0,0,0
178,0.14846973259527882,1.0,0.15924941757920752,0.8038194444444444,0,0,0
179,0.15209167077929645,1.0,0.1590147537717139,0.8034722222222223,0,0,0
180,0.16057411011815798,1.0,0.1673770633546747,0.8,0,0,0
181,0.15661434912420186,1.0,0.1647761624898813,0.7961805555555556,0,0,0
182,0.16534064821549585,1.0,0.17124190436023204,0.8111111111111111,0,0,0
183,0.17154767548035216,1.0,0.17653001034728216,0.8111111111111111,0,0,0
184,0.18347553040042178,1.0,0.17948538680242834,0.8239583333333333,0,0,0
185,0.1795420875203802,1.0,0.17299850351362148,0.8246527777777778,0,0,0
186,0.18232831798477644,1.0,0.17937991410040596,0.8201388888888889,0,0,0
187,0.18433395285234924,1.0,0.1851731308972016,0.8104166666666667,0,0,0
188,0.17920831873982743,1.0,0.18302448974255714,0.8149305555555556,0,0,0
189,0.16410338876223005,1.0,0.17798453928794541,0.7836805555555556,0,0,0
190,0.16344824277745823,1.0,0.18856959327956258,0.7815972222222223,0,0,0
191,0.13923685622559503,1.0,0.1732556690184247,0.7465277777777778,0,0,0
192,0.10794280705065115,1.0,0.13970362372655953,0.7138888888888889,0,0,0
193,0.08990685989403588,1.0,0.12886985129719203,0.6951388888888889,0,0,0
194,0.07429304744018993,0.9334507258485192,0.11217359913165562,0.65,0,0,0
195,0.06589010252448319,0.8924562627965652,0.10349693304190463,0.6447916666666667,0,0,0
196,0.05753769281583462,0.8758642287614862,0.09315839907004661,0.6069444444444444,0,0,0
197,0.05920571444382994,0.8837532085275454,0.09692396593747526,0.6274305555555556,0,0,0
198,0.07464125909716038,0.9524868595396888,0.10680718119349694,0.6934027777777778,0,0,0
199,0.10788079082434845,0.874121508309483,0.12898603437824813,0.7614583333333333,0,0,0
200,0.12309340219075605,1.0,0.13736216694172634,0.7690972222222222,0,0,0
201,0.12965383782832282,1.0,0.14601058634589703,0.7875,0,0,0
202,0.1314873651798656,1.0,0.14689993712128646,0.7805555555555556,0,0,0
203,0.14231687904653348,1.0,0.15637818708206366,0.7951388888888888,0,0,0
204,0.14791014609759506,1.0,0.157823256181436,0.7861111111111111,0,0,0
205,0.14880722249798878,1.0,0.16019398205494165,0.8010416666666667,0,0,0
206,0.15550716068508713,1.0,0.16378089155250963,0.7982638888888889,0,0,0
207,0.17531260619000325,1.0,0.18268773424942006,0.821875,0,0,0
208,0.17809133529718374,1.0,0.18017870221682192,0.80625,0,0,0
209,0.17611603684629423,1.0,0.1783344125051909,0.8208333333333333,0,0,0
210,0.16959807846867145,1.0,0.17525177508771572,0.8152777777777778,0,0,0
211,0.171575330556473,1.0,0.17905168887900955,0.8020833333333334,0,0,0
212,0.16978990134432181,1.0,0.17729273452308117,0.8027777777777778,0,0,0
213,0.1537329578165233,1.0,0.16975693073140452,0.7899305555555556,0,0,0
214,0.14159689290034894,1.0,0.16549790552030988,0.7635416666666667,0,0,0
215,0.12356599181678646,1.0,0.15404567457041385,0.7319444444444444,0,0,0
216,0.10364052426391136,1.0,0.13634822297760882,0.7194444444444444,0,0,0
217,0.08474862634054021,0.9604936094640883,0.11935868651518936,0.68125,0,0,0
218,0.07598687405098745,1.0,0.11631982246999165,0.6604166666666667,0,0,0
219,0.0680733209386612,1.0,0.10700805545406464,0.6461805555555555,0,0,0
220,0.06564950802137495,0.7803073653970202,0.10256155700765512,0.6267361111111112,0,0,0
221,0.06401907161828953,1.0,0.10220525907630765,0.6267361111111112,0,0,0
222,0.07297980275167214,1.0,0.10822778020129037,0.6631944444444444,0,0,0
223,0.09933880313061708,1.0,0.12372810836654675,0.7211805555555556,0,0,0
224,0.12396904231810342,1.0,0.14448670482061485,0.7753472222222222,0,0,0
225,0.13710085905039013,1.0,0.14520755635440538,0.7923611111111111,0,0,0
226,0.1470577157496447,1.0,0.15632040047068568,0.7979166666666667,0,0,0
227,0.16191198123080228,1.0,0.16345629964380423,0.8125,0,0,0
228,0.16727059361850774,1.0,0.17259129093829853,0.8111111111111111,0,0,0
229,0.16489567663262536,1.0,0.17041923649175214,0.8059027777777777,0,0,0
230,0.17545513425978182,1.0,0.18187462682835812,0.8097222222222222,0,0,0
231,0.17146758488194583,1.0,0.17437377364423695,0.8163194444444445,0,0,0
232,0.17410885115810182,1.0,0.17063450719956413,0.83125,0,0,0
233,0.17409042835799474,1.0,0.1777926317556887,0.8135416666666667,0,0,0
234,0.17444474325317624,1.0,0.18217766911310387,0.8041666666666667,0,0,0
235,0.18219103656960725,1.0,0.18804519099806769,0.8097222222222222,0,0,0
236,0.16977781464505168,1.0,0.18374232033958632,0.7826388888888889,0,0,0
237,0.1703248782999188,1.0,0.1826754425660969,0.7958333333333333,0,0,0
238,0.1524084881169276,1.0,0.1783428621676266,0.75,0,0,0
239,0.14424802865430855,1.0,0.17288143453528562,0.7600694444444445,0,0,0
240,0.12093492987918457,1.0,0.15567662910504454,0.7399305555555555,0,0,0
241,0.09910984808812362,1.0,0.13791417901167652,0.7013888888888888,0,0,0
242,0.07846112201493836,1.0,0.11430641811403294,0.6690972222222222,0,0,0
243,0.07168277726289932,0.8640995170623251,0.11039052746849301,0.6510416666666666,0,0,0
244,0.06863212374755522,1.0,0.11381328021132638,0.6263888888888889,0,0,0
245,0.06721130008423705,1.0,0.10965742166782862,0.6288194444444445,0,0,0
246,0.0724506668852355,0.863274884610873,0.10449669792217241,0.665625,0,0,0
247,0.0985795247509862,1.0,0.12200919552318075,0.7305555555555555,0,0,0
248,0.1266441301304422,1.0,0.13815515345352083,0.7732638888888889,0,0,0
249,0.1540270801291769,1.0,0.1595312836785468,0.8069444444444445,0,0,0
250,0.17147591961271338,1.0,0.17266312159295974,0.8125,0,0,0
251,0.17358424956743337,1.0,0.1686633295929708,0.8225694444444445,0,0,0
252,0.17660760909214862,1.0,0.1720404639125982,0.8229166666666666,0,0,0
253,0.17929400285814578,1.0,0.17449156458606782,0.8361111111111111,0,0,0
254,0.18560947238924644,1.0,0.18326981800275519,0.821875,0,0,0
255,0.1834972229828778,1.0,0.18060403027962466,0.8215277777777777,0,0,0
256,0.18041987230488743,1.0,0.176530005841598,0.8302083333333333,0,0,0
257,0.17455687900753006,1.0,0.17253854642010494,0.8204861111111111,0,0,0
258,0.17689706048373507,1.0,0.17644014621085516,0.8184027777777778,0,0,0
259,0.18645630063849808,1.0,0.18331012700033314,0.8256944444444444,0,0,0
260,0.17739939026872079,1.0,0.17983639282203404,0.8041666666666667,0,0,0
261,0.1742356953408779,1.0,0.1863263636628412,0.7909722222222222,0,0,0
262,0.15808303642538987,1.0,0.1802130681385588,0.778125,0,0,0
263,0.13008910716940672,1.0,0.16448043656905695,0.7340277777777777,0,0,0
264,0.11238034774817895,1.0,0.15072014782660748,0.7086805555555555,0,0,0
265,0.09328296973158144,1.0,0.13325274069103138,0.6878472222222223,0,0,0
266,0.07488356065067116,1.0,0.11714999984387962,0.6493055555555556,0,0,0
267,0.06821561990630386,1.0,0.10543793078130533,0.65,0,0,0
268,0.06493486614147573,0.8585829970057882,0.10184770713947734,0.6371527777777778,0,0,0
269,0.06846888593404582,1.0,0.10694863475139736,0.6399305555555556,0,0,0
270,0.08482195051788162,1.0,0.11323194856736116,0.7145833333333333,0,0,0
271,0.13235202830645612,1.0,0.15253119422813322,0.7767361111111111,0,0,0
272,0.14695075847303124,0.9161534698266258,0.15532223542043327,0.7954861111111111,0,0,0
273,0.15552951254937228,1.0,0.16629537066437305,0.7982638888888889,0,0,0
274,0.16400617857229655,1.0,0.16884274636141622,0.8149305555555556,0,0,0
275,0.16596684442251555,1.0,0.16594888503693705,0.8076388888888889,0,0,0
276,0.17120344778116858,1.0,0.17326288892962627,0.8125,0,0,0
277,0.17102353410848642,1.0,0.1732054409378284,0.8194444444444444,0,0,0
278,0.16783913527346456,1.0,0.16981916562594915,0.8190972222222223,0,0,0
279,0.17244689584944575,1.0,0.1769856000433851,0.8128472222222223,0,0,0
280,0.18570828114762822,1.0,0.17955644818941516,0.8295138888888889,0,0,0
281,0.18901501130430257,1.0,0.18253332188184612,0.8267361111111111,0,0,0
282,0.1855485182868979,1.0,0.17721490761597722,0.8381944444444445,0,0,0
283,0.1892141034706096,1.0,0.1828318280893406,0.8204861111111111,0,0,0
284,0.18600385701849514,1.0,0.184386872449672,0.8194444444444444,0,0,0
285,0.17289747547125486,1.0,0.18438738269778368,0.7972222222222223,0,0,0
286,0.1511146746203625,1.0,0.1756203367124804,0.7697916666666667,0,0,0
287,0.13369155414945824,1.0,0.16459579291229412,0.7586805555555556,0,0,0
288,0.11118218629981741,1.0,0.14586330799742864,0.7159722222222222,0,0,0
289,0.0873386454168969,1.0,0.12177028311160447,0.6777777777777778,0,0,0
290,0.07916661672386349,1.0,0.11737811989687663,0.6604166666666667,0,0,0
291,0.06740561399207703,1.0,0.10333146041531475,0.64375,0,0,0
292,0.06869601180785559,1.0,0.11024167683125,0.6472222222222223,0,0,0
293,0.06927166554177631,0.9660081800824,0.10555058428127674,0.6461805555555555,0,0,0
294,0.08763537744139692,1.0,0.11906053699656091,0.7079861111111111,0,0,0
295,0.13687492767374326,1.0,0.15130574074938385,0.7899305555555556,0,0,0
296,0.1550431572874125,1.0,0.162888480545432,0.7972222222222223,0,0,0
297,0.15852777928114745,1.0,0.16672194215953437,0.8041666666666667,0,0,0
298,0.16035483314929053,1.0,0.16708118936282054,0.8038194444444444,0,0,0
299,0.16837344195413578,0.9661379360870356,0.16634299221269136,0.8177083333333334,0,0,0
300,0.16957183845203472,1.0,0.17264688863490613,0.8024305555555555,0,0,0
301,0.16263851942427676,1.0,0.16759405881485856,0.8135416666666667,0,0,0
302,0.16798219709617015,1.0,0.17443480290582028,0.8065972222222222,0,0,0
303,0.17324169429664857,1.0,0.1789280912509392,0.8100694444444444,0,0,0
304,0.18770068614600605,1.0,0.1868258181939385,0.8260416666666667,0,0,0
305,0.18757121486827733,1.0,0.18854816237918254,0.8180555555555555,0,0,0
306,0.1763142307396652,1.0,0.17217716430913085,0.8274305555555556,0,0,0
307,0.1868278995586542,1.0,0.19396624554731298,0.8027777777777778,0,0,0
308,0.18062653868079334,1.0,0.19235473721180707,0.8069444444444445,0,0,0
309,0.16646795443025575,1.0,0.18533745817278405,0.7840277777777778,0,0,0
310,0.1616277470125886,1.0,0.18688267985919077,0.78125,0,0,0
311,0.13292059572803858,1.0,0.16187375013281538,0.7454861111111111,0,0,0
312,0.11064359853855509,1.0,0.14327033819859888,0.7239583333333334,0,0,0
313,0.09327174634434444,1.0,0.13199148015212994,0.6868055555555556,0,0,0
314,0.07571647192457613,1.0,0.11344009343792388,0.6607638888888889,0,0,0
315,0.07301948065818184,1.0,0.11333771672778244,0.6555555555555556,0,0,0
316,0.06469957937281505,1.0,0.10291669804093644,0.6371527777777778,0,0,0
317,0.06841022266177162,1.0,0.1089257154680772,0.6354166666666666,0,0,0
318,0.08582253015534523,0.90727403950523,0.11823187415302103,0.7013888888888888,0,0,0
319,0.1283683767686444,1.0,0.14724273021703158,0.76875,0,0,0
320,0.1514430212518721,0.9835295172007644,0.1628240572435201,0.7930555555555555,0,0,0
321,0.15482607453103922,1.0,0.16639041625086345,0.8038194444444444,0,0,0
322,0.15950081895739784,1.0,0.1673306217576348,0.803125,0,0,0
323,0.1705866451778037,1.0,0.1709158764025421,0.8163194444444445,0,0,0
324,0.17246554538260397,1.0,0.17589644231781112,0.8170138888888889,0,0,0
325,0.1691532461758139,1.0,0.1736900843579989,0.8159722222222222,0,0,0
326,0.163629991517722,1.0,0.16343612404183966,0.8149305555555556,0,0,0
327,0.1736124761203011,1.0,0.1697283447697741,0.8260416666666667,0,0,0
328,0.18755357710258014,1.0,0.18489789188454314,0.8336805555555555,0,0,0
329,0.20023396166884486,1.0,0.19095206156549738,0.8427083333333333,0,0,0
330,0.185112259223157,1.0,0.1832749718774869,0.8274305555555556,0,0,0
331,0.19867868487114984,1.0,0.19641519106292502,0.8284722222222223,0,0,0
332,0.18321110518567854,1.0,0.18339726275505525,0.8048611111111111,0,0,0
333,0.17452412855121185,1.0,0.18282809696238164,0.7888888888888889,0,0,0
334,0.16241139301097435,1.0,0.1872938586906655,0.7822916666666667,0,0,0
335,0.1363093003096379,1.0,0.16712818008118885,0.7458333333333333,0,0,0
336,0.10775037946583185,1.0,0.1446087894059742,0.7177083333333333,0,0,0
337,0.09359580230725711,1.0,0.13155435908302635,0.6822916666666666,0,0,0
338,0.07543669993126983,0.8455729645743609,0.1089720927147857,0.6538194444444444,0,0,0
339,0.0690583747719949,1.0,0.10732083276144085,0.6378472222222222,0,0,0
340,0.06513963731738201,1.0,0.1032704552128819,0.6399305555555556,0,0,0
341,0.06687195690075169,1.0,0.10288961179481108,0.6416666666666667,0,0,0
342,0.08859600729303313,0.9676275016562536,0.11471790013666655,0.7184027777777777,0,0,0
343,0.13312495037807118,1.0,0.1531742019162054,0.7822916666666667,0,0,0
344,0.15105545059575232,1.0,0.1605575281741625,0.8100694444444444,0,0,0
345,0.15501244240447795,1.0,0.16703285320463088,0.8079861111111111,0,0,0
346,0.16241187234216145,1.0,0.1697742126586222,0.8065972222222222,0,0,0
347,0.17423859836925543,1.0,0.17323714404538787,0.8131944444444444,0,0,0
348,0.17445447810913497,1.0,0.17142049656225544,0.8152777777777778,0,0,0
349,0.17027477761024648,1.0,0.17265829755441994,0.8090277777777778,0,0,0
350,0.17205618573468207,1.0,0.17097894947329823,0.8204861111111111,0,0,0
351,0.1785237321542559,1.0,0.17661719861162709,0.8184027777777778,0,0,0
352,0.19107436368007466,1.0,0.18535356175536255,0.8336805555555555,0,0,0
353,0.20136431271417052,1.0,0.1995667132688509,0.8329861111111111,0,0,0
354,0.19085419871224174,1.0,0.1860509756905649,0.8253472222222222,0,0,0
355,0.20310225678509847,1.0,0.19770493038706902,0.8208333333333333,0,0,0
356,0.1888347949003663,1.0,0.18943436411443598,0.8166666666666667,0,0,0
357,0.18060965885814803,1.0,0.18686221089923488,0.8,0,0,0
358,0.16166040997076014,1.0,0.1837566656632351,0.7871527777777778,0,0,0
359,0.13865490922471566,1.0,0.16831655132111756,0.759375,0,0,0
360,0.10866736126675003,1.0,0.14542857409651178,0.7052083333333333,0,0,0
361,0.08881945552721039,1.0,0.12699184148167897,0.6753472222222222,0,0,0
362,0.07462285347014486,1.0,0.1114283570286541,0.6607638888888889,0,0,0
363,0.06440320048501594,0.7447471016810224,0.09716184854643892,0.6378472222222222,0,0,0
364,0.06549402501323501,1.0,0.10642775628473317,0.6225694444444444,0,0,0
365,0.06830975465845755,1.0,0.10901467792763149,0.6371527777777778,0,0,0
366,0.09227442911098213,0.7850375588127803,0.11825165655676328,0.7232638888888889,0,0,0
367,0.13427466251630116,1.0,0.14658719269607506,0.7888888888888889,0,0,0
368,0.1525479224037859,0.9521990260196312,0.1607799379413118,0.7864583333333334,0,0,0
369,0.16164409114422498,1.0,0.16520701390191034,0.8118055555555556,0,0,0
370,0.17165981250467524,1.0,0.17257604957595976,0.81875,0,0,0
371,0.1754567541567514,1.0,0.17243051502054504,0.8246527777777778,0,0,0
372,0.18534852956714615,1.0,0.18160062708628028,0.8381944444444445,0,0,0
373,0.18254326365201637,1.0,0.18274264699285162,0.8260416666666667,0,0,0
374,0.197299751343537,1.0,0.19368430497943448,0.8427083333333333,0,0,0
375,0.19508414612598107,1.0,0.1923456700067587,0.8315972222222222,0,0,0
376,0.1927707060603244,1.0,0.18579574456824818,0.8368055555555556,0,0,0
377,0.20628002698454131,1.0,0.20976534021174018,0.8246527777777778,0,0,0
378,0.20062622803999045,1.0,0.2074766400138054,0.8253472222222222,0,0,0
379,0.20754362430715334,1.0,0.20400841091284797,0.828125,0,0,0
380,0.2004117814770935,1.0,0.19660510480899696,0.8253472222222222,0,0,0
381,0.18139315026978434,1.0,0.18743442066930713,0.8090277777777778,0,0,0
382,0.16427778854751993,1.0,0.18176117827290383,0.7805555555555556,0,0,0
383,0.14192596589499798,1.0,0.17309899548785215,0.7510416666666667,0,0,0
384,0.11586856685974152,0.8838915681349298,0.14584159146160833,0.7152777777777778,0,0,0
385,0.093207108062353,1.0,0.1321754720008506,0.6951388888888889,0,0,0
386,0.08181016615924128,0.9717085192098746,0.11994141363911648,0.6659722222222222,0,0,0
387,0.07016446968016889,1.0,0.10910427823628241,0.6510416666666666,0,0,0
388,0.06487637027282313,1.0,0.10652732574895407,0.6184027777777777,0,0,0
389,0.06598362304417307,0.8372520306470774,0.10443201448721859,0.634375,0,0,0
390,0.08425230954144274,1.0,0.11681817764888379,0.6996527777777778,0,0,0
391,0.11641126454546681,1.0,0.13907776474824968,0.7739583333333333,0,0,0
392,0.14179240077021088,0.9957738674122568,0.15071094370774715,0.7951388888888888,0,0,0
393,0.158892732613356,1.0,0.16492427907725274,0.8069444444444445,0,0,0
394,0.17848129067106505,1.0,0.1788012555276231,0.8302083333333333,0,0,0
395,0.18468271025328412,1.0,0.17884234351615905,0.8295138888888889,0,0,0
396,0.18597317478707087,1.0,0.18184640010285447,0.8270833333333333,0,0,0
397,0.18065018048428222,1.0,0.17728674493909094,0.821875,0,0,0
398,0.18800955247130496,1.0,0.18805054484325684,0.81875,0,0,0
399,0.19340580288303577,1.0,0.19022834892236445,0.8319444444444445,0,0,0
400,0.19210038880761304,1.0,0.18642126902678646,0.8319444444444445,0,0,0
401,0.19271701716107148,1.0,0.19243947111469747,0.8319444444444445,0,0,0
402,0.19219528306007178,1.0,0.19420294993642334,0.8256944444444444,0,0,0
403,0.19592067216062756,1.0,0.19467010316510971,0.8232638888888889,0,0,0
404,0.1918559395149382,1.0,0.19125386591068883,0.8145833333333333,0,0,0
405,0.18120142766780253,1.0,0.19306298965506283,0.8052083333333333,0,0,0
406,0.16422853364279352,1.0,0.1861796543868807,0.7809027777777777,0,0,0
407,0.14196144146202183,1.0,0.1703555654006714,0.7659722222222223,0,0,0
408,0.12002174259357,1.0,0.15431396398799754,0.7211805555555556,0,0,0
409,0.09733026600615766,1.0,0.13537366879078608,0.7006944444444444,0,0,0
410,0.07808537245702896,0.8037020733383211,0.11800152150499915,0.6430555555555556,0,0,0
411,0.07557271930116166,1.0,0.11680959415429115,0.6635416666666667,0,0,0
412,0.06378875626570658,1.0,0.10431200092460094,0.6368055555555555,0,0,0
413,0.0666846991389008,0.8754018326721947,0.10654081053429233,0.6423611111111112,0,0,0
414,0.08381191671455557,0.9073452852364926,0.11357964320623526,0.6920138888888889,0,0,0
415,0.1126091454830696,1.0,0.13351007911542534,0.7576388888888889,0,0,0
416,0.1413688662348773,1.0,0.14953969475000206,0.7989583333333333,0,0,0
417,0.16400688126708612,1.0,0.16744952976455116,0.8163194444444445,0,0,0
418,0.18030337284910516,1.0,0.17676163693435365,0.8288194444444444,0,0,0
419,0.1823110764304249,1.0,0.18056308464291812,0.8305555555555556,0,0,0
420,0.1839008773950153,1.0,0.18266038169118828,0.8180555555555555,0,0,0
421,0.18654142263137766,1.0,0.18140075966721764,0.8236111111111111,0,0,0
422,0.19471880657298998,1.0,0.19266553099956024,0.8322916666666667,0,0,0
423,0.18487111428009995,1.0,0.18287687947197565,0.8243055555555555,0,0,0
424,0.18799929456087144,1.0,0.18268890496404672,0.825,0,0,0
425,0.18799536311140203,1.0,0.18237849870880898,0.8243055555555555,0,0,0
426,0.18883533813943015,1.0,0.18798974481464945,0.8277777777777777,0,0,0
427,0.19324717568310734,1.0,0.1903001296419194,0.8211805555555556,0,0,0
428,0.18508257234080755,1.0,0.1859043919545134,0.8170138888888889,0,0,0
429,0.18005507311419386,1.0,0.19264971062189223,0.8055555555555556,0,0,0
430,0.16080880556010646,1.0,0.1845968064933408,0.7767361111111111,0,0,0
431,0.13175962666254676,1.0,0.1642555658104596,0.74375,0,0,0
432,0.10844600933970386,1.0,0.1469268808701847,0.7149305555555555,0,0,0
433,0.09098068025766332,1.0,0.13022753591246436,0.6826388888888889,0,0,0
434,0.07843930704530414,0.9279243550917378,0.1195043887212315,0.6621527777777778,0,0,0
435,0.07021166887645276,1.0,0.11004773166078448,0.6538194444444444,0,0,0
436,0.06836388871998823,1.0,0.11083395436893866,0.6315972222222223,0,0,0
437,0.07138678972395683,1.0,0.1137091007602824,0.6489583333333333,0,0,0
438,0.08785451553458211,0.9227513038998618,0.11291429871720049,0.7170138888888888,0,0,0
439,0.13834486294113502,1.0,0.15521124713351164,0.7868055555555555,0,0,0
440,0.1600750307460716,1.0,0.1709098701935004,0.8118055555555556,0,0,0
441,0.1591993215597075,1.0,0.16434273229393156,0.8072916666666666,0,0,0
442,0.16127910625982744,1.0,0.1659395023703021,0.8079861111111111,0,0,0
443,0.16919418290586924,1.0,0.1721411960412976,0.8107638888888888,0,0,0
444,0.17516071787940085,1.0,0.17259569342004766,0.8295138888888889,0,0,0
445,0.16597307195309535,1.0,0.1752107669757126,0.8184027777777778,0,0,0
446,0.164934287146746,1.0,0.16833086608912431,0.8121527777777777,0,0,0
447,0.1733236982776328,1.0,0.1747424948420252,0.8260416666666667,0,0,0
448,0.1929685371167075,1.0,0.18429904372684938,0.8399305555555555,0,0,0
449,0.19866285885128676,1.0,0.1891134177527384,0.8305555555555556,0,0,0
450,0.19324616624526153,1.0,0.18936005198463707,0.8229166666666666,0,0,0
451,0.20476387225100337,1.0,0.2024373403082773,0.821875,0,0,0
452,0.19688940188934217,1.0,0.19762651763797956,0.8142361111111112,0,0,0
453,0.17874121153548456,1.0,0.18953073546652147,0.7944444444444444,0,0,0
454,0.1628939617789544,1.0,0.18203008601453832,0.7791666666666667,0,0,0
455,0.13256949179968788,1.0,0.16013370722991793,0.7472222222222222,0,0,0
456,0.10513237788252852,1.0,0.13744383534091834,0.7128472222222222,0,0,0
457,0.08806166218391549,1.0,0.12296530199682919,0.6899305555555556,0,0,0
458,0.0744545657630655,1.0,0.11110032146072005,0.6586805555555556,0,0,0
459,0.07019296804075034,1.0,0.10823863988504447,0.6475694444444444,0,0,0
460,0.066401501844747,1.0,0.10680086532038804,0.6336805555555556,0,0,0
461,0.064274468800245,1.0,0.10264899984513512,0.6381944444444444,0,0,0
462,0.08648506215064716,0.9449245703107412,0.10943414540764007,0.7201388888888889,0,0,0
463,0.13115610945487885,1.0,0.14348646915254626,0.7795138888888888,0,0,0
464,0.14682302045734077,1.0,0.15510668313982193,0.7975694444444444,0,0,0
465,0.15619836131626094,1.0,0.16061589978584903,0.8190972222222223,0,0,0
466,0.16166181342408276,1.0,0.16848870322052015,0.8173611111111111,0,0,0
467,0.16891184922859565,1.0,0.16877685274249982,0.8166666666666667,0,0,0
468,0.17418572090947942,1.0,0.17010030862224218,0.8197916666666667,0,0,0
469,0.17031280797669832,1.0,0.17423512665476454,0.8170138888888889,0,0,0
470,0.16510165238215815,1.0,0.17067263178340303,0.8097222222222222,0,0,0
471,0.1767191857901675,1.0,0.17493907281578847,0.8152777777777778,0,0,0
472,0.18368481330024516,1.0,0.17639565477742528,0.8402777777777778,0,0,0
473,0.18890902254605782,1.0,0.18346028983301482,0.8295138888888889,0,0,0
474,0.18945285714636162,1.0,0.18518472740845968,0.8239583333333333,0,0,0
475,0.20044261882379605,1.0,0.19940448313428175,0.8243055555555555,0,0,0
476,0.19236190095133518,1.0,0.19409208983481213,0.8177083333333334,0,0,0
477,0.18233520952520565,1.0,0.18636581072356267,0.8138888888888889,0,0,0
478,0.16162029931654986,1.0,0.18296252226109136,0.7774305555555555,0,0,0
479,0.13219848855876232,1.0,0.16028895214913863,0.734375,0,0,0
480,0.10807473764375743,0.930983240438923,0.14365356622591802,0.7100694444444444,0,0,0
481,0.08954034042615401,1.0,0.1264075090548968,0.6847222222222222,0,0,0
482,0.07322665756187698,1.0,0.10912169983618882,0.6545138888888888,0,0,0
483,0.06915192314542533,1.0,0.10453262365794877,0.6541666666666667,0,0,0
484,0.06485402271625641,0.9063505136918985,0.10511968746600264,0.6354166666666666,0,0,0
485,0.07026563946117782,1.0,0.10751173854057561,0.6583333333333333,0,0,0
486,0.09088511995818804,1.0,0.12276256404655103,0.71875,0,0,0
487,0.1294355696508612,1.0,0.14285491644584566,0.7767361111111111,0,0,0
488,0.1490598783782864,1.0,0.15708842831924558,0.8059027777777777,0,0,0
489,0.1537850867728302,1.0,0.16460379483774495,0.8034722222222223,0,0,0
490,0.16036417795251134,1.0,0.16681684965698695,0.8100694444444444,0,0,0
491,0.17029234043366015,1.0,0.17029821079877694,0.8152777777777778,0,0,0
492,0.16942579584036602,1.0,0.1665943286326715,0.8163194444444445,0,0,0
493,0.16250342858957473,1.0,0.17188841105005695,0.8065972222222222,0,0,0
494,0.17114479965170762,1.0,0.16967320142686143,0.8253472222222222,0,0,0
495,0.17815901679055407,1.0,0.1771845768256741,0.8229166666666666,0,0,0
496,0.18838667467006348,1.0,0.18178474731911967,0.8340277777777778,0,0,0
497,0.19513160915966313,1.0,0.18329357610436453,0.8260416666666667,0,0,0
498,0.19212436345292103,1.0,0.18450969320799715,0.8354166666666667,0,0,0
499,0.20303872463582692,1.0,0.19813173900344194,0.8368055555555556,0,0,0
500,0.1944713455761377,1.0,0.19432124898666434,0.8298611111111112,0,0,0
501,0.17986234769164125,1.0,0.19174095453081044,0.8003472222222222,0,0,0
502,0.16006747885312753,1.0,0.1841305893383724,0.778125,0,0,0
503,0.1319280352976151,1.0,0.16621411028807578,0.7409722222222223,0,0,0
504,0.10950438314245405,1.0,0.1414188787275684,0.7173611111111111,0,0,0
505,0.08867108571658512,1.0,0.12618159610235202,0.6729166666666667,0,0,0
506,0.07655784266606334,0.8635558937800988,0.1121091231443823,0.6670138888888889,0,0,0
507,0.06782600553688563,0.9693208748865592,0.10426660933528932,0.6361111111111111,0,0,0
508,0.0681575866197086,1.0,0.10881769904349113,0.6423611111111112,0,0,0
509,0.06965452286046443,1.0,0.10654376192391367,0.6458333333333334,0,0,0
510,0.09265151801002963,1.0,0.11949696382067802,0.7152777777777778,0,0,0
511,0.13242763272728705,1.0,0.1450624928341851,0.7850694444444445,0,0,0
512,0.15053858248210272,1.0,0.15542858687446473,0.8052083333333333,0,0,0
513,0.1527997846425454,1.0,0.162249883820586,0.8041666666666667,0,0,0
514,0.16381117499653414,1.0,0.16840385036029945,0.8125,0,0,0
515,0.16862282573474913,1.0,0.16755866941566663,0.8194444444444444,0,0,0
516,0.16990438284737228,1.0,0.16885559396490343,0.8208333333333333,0,0,0
517,0.1650818734553522,1.0,0.1707291611422849,0.8027777777777778,0,0,0
518,0.1650439150787217,1.0,0.17062445785113822,0.8121527777777777,0,0,0
519,0.17323093610516757,1.0,0.17458958574954578,0.8239583333333333,0,0,0
520,0.1874670115057274,1.0,0.18117760857733575,0.8326388888888889,0,0,0
521,0.19727299561538664,1.0,0.19031285887723112,0.8340277777777778,0,0,0
522,0.18875792030175625,1.0,0.1874688500866608,0.8190972222222223,0,0,0
523,0.20115371104606591,1.0,0.19881588495889008,0.8375,0,0,0
524,0.19088621953896592,1.0,0.19074290754293075,0.8104166666666667,0,0,0
525,0.17921625059903476,1.0,0.19091085032956806,0.8045138888888889,0,0,0
526,0.16452672742539856,1.0,0.18373206968298456,0.7798611111111111,0,0,0
527,0.13405662999573223,1.0,0.16805569915170146,0.7510416666666667,0,0,0
528,0.1134046590109704,1.0,0.14562836160621226,0.7295138888888889,0,0,0
529,0.08842592180837675,1.0,0.12393214049659416,0.675,0,0,0
530,0.07669508080153581,1.0,0.11539581624778708,0.6628472222222223,0,0,0
531,0.0663549907301002,1.0,0.10092014105642981,0.6319444444444444,0,0,0
532,0.06559881139490405,0.9279233387570816,0.10606663949133113,0.6302083333333334,0,0,0
533,0.06527970261533915,1.0,0.103382735672208,0.6388888888888888,0,0,0
534,0.09249400471692167,1.0,0.11787945428147083,0.7263888888888889,0,0,0
535,0.13562477999068812,0.9358724687410538,0.1442818581384341,0.7916666666666666,0,0,0
536,0.1537468940252552,1.0,0.15934846069824482,0.8048611111111111,0,0,0
537,0.15888318075453406,1.0,0.17076841739121143,0.8034722222222223,0,0,0
538,0.16424900196441364,1.0,0.16994601578143242,0.8170138888888889,0,0,0
539,0.17246171192288287,1.0,0.17017207637387288,0.8246527777777778,0,0,0
540,0.17092671111902027,1.0,0.16647751364423963,0.8100694444444444,0,0,0
541,0.16735243951058387,1.0,0.1747944019878178,0.7993055555555556,0,0,0
542,0.1790123079152507,1.0,0.1815735014777509,0.8246527777777778,0,0,0
543,0.18689287235470486,1.0,0.1842709034797224,0.8284722222222223,0,0,0
544,0.19167080233249345,1.0,0.18944474301200298,0.8246527777777778,0,0,0
545,0.1979138797547955,1.0,0.19396733222269172,0.8392361111111111,0,0,0
546,0.19949177865593754,1.0,0.1961933324017411,0.8197916666666667,0,0,0
547,0.21049879693421966,1.0,0.20744544643762985,0.8288194444444444,0,0,0
548,0.20524765872259387,1.0,0.20312996036083206,0.8263888888888888,0,0,0
549,0.18049151125418053,1.0,0.192180562729531,0.8048611111111111,0,0,0
550,0.16420307165049547,1.0,0.1845497104165905,0.7881944444444444,0,0,0
551,0.13748869453298063,1.0,0.16038852386747005,0.7604166666666666,0,0,0
552,0.11377882674759561,0.9665158407932354,0.14380767443460704,0.7291666666666666,0,0,0
553,0.08808513962422236,1.0,0.11902078114706854,0.6930555555555555,0,0,0
554,0.07116894286060603,1.0,0.10851658655186948,0.64375,0,0,0
555,0.06534885355576034,0.827372053933553,0.09931137792525736,0.6541666666666667,0,0,0
556,0.06274463488128036,1.0,0.1030982787491841,0.6145833333333334,0,0,0
557,0.06648917305780291,1.0,0.1044156329424732,0.6496527777777777,0,0,0
558,0.07750245145414225,1.0,0.10855679616167631,0.6899305555555556,0,0,0
559,0.10554071825293505,0.7940321239108623,0.12080227363496303,0.7583333333333333,0,0,0
560,0.13076242456250597,0.9947385043786536,0.14252557771969068,0.790625,0,0,0
561,0.14764738093544516,1.0,0.1526789663439223,0.7975694444444444,0,0,0
562,0.16526428772389745,1.0,0.16294812765394398,0.8291666666666667,0,0,0
563,0.173796702034897,1.0,0.17216082808043062,0.8114583333333333,0,0,0
564,0.17013522921750013,1.0,0.16786711517169212,0.8121527777777777,0,0,0
565,0.16885912035355927,1.0,0.1710892230030635,0.8170138888888889,0,0,0
566,0.17438604888403683,1.0,0.1789043143011604,0.815625,0,0,0
567,0.1769461390651717,1.0,0.17731309790045782,0.8194444444444444,0,0,0
568,0.18607361488473725,1.0,0.17910534092469416,0.8371527777777777,0,0,0
569,0.18091015349846115,1.0,0.1846310985732458,0.8159722222222222,0,0,0
570,0.18739175835142421,1.0,0.19180391446710757,0.8194444444444444,0,0,0
571,0.20082730960730966,1.0,0.20399188212961017,0.8211805555555556,0,0,0
572,0.19480683058314846,1.0,0.1922162859757256,0.8309027777777778,0,0,0
573,0.17125461465809025,1.0,0.18065541441619656,0.8065972222222222,0,0,0
574,0.15101122903392644,1.0,0.16985677660617643,0.7840277777777778,0,0,0
575,0.13264118476352976,1.0,0.15943605011381387,0.75,0,0,0
576,0.11168523208356865,1.0,0.14194636771270852,0.7222222222222222,0,0,0
577,0.09805719629239532,1.0,0.13774460251345721,0.6909722222222222,0,0,0
578,0.0814085280418461,1.0,0.11589588659500762,0.6659722222222222,0,0,0
579,0.07180264976595402,0.7666147339242667,0.10381439888200326,0.6684027777777778,0,0,0
580,0.07291436049786154,1.0,0.11528241091166949,0.6420138888888889,0,0,0
581,0.07290615156546494,0.8422072329467307,0.11088489967188127,0.653125,0,0,0
582,0.08664010860156404,1.0,0.12212592996465764,0.6892361111111112,0,0,0
583,0.11754873346114246,1.0,0.14060354821651133,0.7583333333333333,0,0,0
584,0.14718557550616498,1.0,0.15819737588726954,0.7996527777777778,0,0,0
585,0.16139037015997393,1.0,0.16757266760493486,0.7989583333333333,0,0,0
586,0.18011717626648438,1.0,0.17864002206942406,0.8364583333333333,0,0,0
587,0.18637160534844868,1.0,0.18639026650523302,0.8170138888888889,0,0,0
588,0.18684811028883752,1.0,0.18173790825811745,0.83125,0,0,0
589,0.18801176400954778,1.0,0.18424375097206785,0.8302083333333333,0,0,0
590,0.19362077347936016,1.0,0.18858827985077242,0.8326388888888889,0,0,0
591,0.19006260869078503,1.0,0.18557674614641184,0.8270833333333333,0,0,0
592,0.18736153741062725,1.0,0.1803544047912581,0.8267361111111111,0,0,0
593,0.17921188976412775,1.0,0.17628549359904153,0.8208333333333333,0,0,0
594,0.18241256917388654,1.0,0.18114785663518998,0.8135416666666667,0,0,0
595,0.18976621675978644,1.0,0.19401887754412486,0.8145833333333333,0,0,0
596,0.18619161353843397,1.0,0.19621241396324135,0.8055555555555556,0,0,0
597,0.17819196584336056,1.0,0.19756574945706062,0.8048611111111111,0,0,0
598,0.15977643528619118,1.0,0.185433536853349,0.7770833333333333,0,0,0
599,0.13629870002946326,1.0,0.16410579564187502,0.7527777777777778,0,0,0
600,0.11189342165475309,1.0,0.14466574166796559,0.7239583333333334,0,0,0
601,0.09163402065714112,1.0,0.1347657579296559,0.6767361111111111,0,0,0
602,0.07650113376247,1.0,0.1133003433043104,0.6472222222222223,0,0,0
603,0.0693286178111717,0.7670622430749242,0.10385492199282956,0.6541666666666667,0,0,0
604,0.0643158041954667,0.7696009570619492,0.10414672822379259,0.6315972222222223,0,0,0
605,0.06779086928864013,1.0,0.10759453852787403,0.6375,0,0,0
606,0.0901846282616975,1.0,0.11886441345417181,0.7215277777777778,0,0,0
607,0.13739087311825246,1.0,0.15812708229516817,0.7795138888888888,0,0,0
608,0.1536263278312377,1.0,0.16145623113878363,0.8076388888888889,0,0,0
609,0.15648641676253036,1.0,0.1650888001502318,0.8135416666666667,0,0,0
610,0.15814171717848824,1.0,0.1644047555126245,0.8027777777777778,0,0,0
611,0.16948036641789743,1.0,0.16904546238813492,0.8190972222222223,0,0,0
612,0.1724257336664297,1.0,0.17281559599867616,0.8204861111111111,0,0,0
613,0.16968495399226793,1.0,0.17136327161040296,0.8208333333333333,0,0,0
614,0.16879904237072776,1.0,0.17630661269392783,0.7951388888888888,0,0,0
615,0.17369426122253226,1.0,0.1764576125492797,0.8104166666666667,0,0,0
616,0.18948224881074147,1.0,0.18519375241114863,0.8361111111111111,0,0,0
617,0.1859051853556218,1.0,0.1808697937846788,0.8326388888888889,0,0,0
618,0.18008878566756062,1.0,0.17608600035089828,0.8145833333333333,0,0,0
619,0.18734293014546566,1.0,0.18860199414537673,0.8163194444444445,0,0,0
620,0.18130740303210413,1.0,0.1877106886378144,0.8107638888888888,0,0,0
621,0.17865261358765785,1.0,0.18969297916788175,0.8184027777777778,0,0,0
622,0.16056291351834057,1.0,0.18352748493105667,0.7854166666666667,0,0,0
623,0.13788320345867003,1.0,0.16810400820925075,0.7552083333333334,0,0,0
624,0.11148732204911846,1.0,0.14780750227362463,0.7177083333333333,0,0,0
625,0.0938032306338415,1.0,0.13211895646942762,0.6836805555555555,0,0,0
626,0.07185961619553977,0.8591546312464432,0.10749591119967751,0.6399305555555556,0,0,0
627,0.07317940249915564,1.0,0.11516683309075898,0.6538194444444444,0,0,0
628,0.06414816346133899,0.8354944312076642,0.10419786075599168,0.6145833333333334,0,0,0
629,0.06965177447258589,1.0,0.11131899279333189,0.6340277777777777,0,0,0
630,0.09155458833633659,1.0,0.1182486275689562,0.7236111111111111,0,0,0
631,0.13607830338759425,0.9438976326866088,0.1495322477014005,0.7947916666666667,0,0,0
632,0.15028751037212632,0.9542692806894054,0.15210728340741245,0.8114583333333333,0,0,0
633,0.15300265466225682,1.0,0.16161769959180194,0.7986111111111112,0,0,0
634,0.15997307085542292,1.0,0.16153247744552585,0.8138888888888889,0,0,0
635,0.17340501353059537,1.0,0.1745112430462662,0.8125,0,0,0
636,0.17396743719976418,1.0,0.17166992031612235,0.8225694444444445,0,0,0
637,0.17056112170292023,1.0,0.17450074300781424,0.8131944444444444,0,0,0
638,0.16391738306128412,1.0,0.16741044043028597,0.8180555555555555,0,0,0
639,0.171587602407675,1.0,0.17069152205429683,0.81875,0,0,0
640,0.18549544725401215,1.0,0.18049812887923616,0.8208333333333333,0,0,0
641,0.19119143805070613,1.0,0.18375549902813323,0.834375,0,0,0
642,0.18319465724117717,1.0,0.17901162049437355,0.8125,0,0,0
643,0.19886532769207865,1.0,0.19521976818570594,0.8260416666666667,0,0,0
644,0.18818057721991294,1.0,0.1911912988911794,0.81875,0,0,0
645,0.1731554664114381,1.0,0.18194916114662352,0.8104166666666667,0,0,0
646,0.158963713202958,1.0,0.18327259144792038,0.7770833333333333,0,0,0
647,0.13293852890133967,1.0,0.16061413179476317,0.753125,0,0,0
648,0.11006210621927728,1.0,0.14635728038976611,0.7190972222222223,0,0,0
649,0.09230397359451538,1.0,0.13444848752127073,0.6847222222222222,0,0,0
650,0.07453271068473583,0.8027800371737521,0.11043622624605026,0.6430555555555556,0,0,0
651,0.06538289188217823,1.0,0.10002299883870469,0.646875,0,0,0
652,0.06520993836952281,0.9746073502691084,0.1052175087790984,0.6267361111111112,0,0,0
653,0.06804202076026594,0.9340451071739688,0.1051625919183691,0.6506944444444445,0,0,0
654,0.08913381667501263,1.0,0.11601190409889063,0.7024305555555556,0,0,0
655,0.13409402136488238,1.0,0.1509655778503034,0.7777777777777778,0,0,0
656,0.154098152837268,1.0,0.16249825996457468,0.8111111111111111,0,0,0
657,0.1540404319592667,1.0,0.1648224201657624,0.8052083333333333,0,0,0
658,0.15808484366117465,1.0,0.16356541493135843,0.8170138888888889,0,0,0
659,0.17261788132531716,1.0,0.17635157253220693,0.8152777777777778,0,0,0
660,0.17619369477280045,1.0,0.1715524416475663,0.8309027777777778,0,0,0
661,0.16552980597352127,1.0,0.16644049351649884,0.8173611111111111,0,0,0
662,0.16785591224799468,1.0,0.17344662830660704,0.8177083333333334,0,0,0
663,0.17549726492419918,1.0,0.17614673588861146,0.8225694444444445,0,0,0
664,0.18430992006349556,1.0,0.17968691348528756,0.8208333333333333,0,0,0
665,0.18692953315287217,1.0,0.17769783924211507,0.8347222222222223,0,0,0
666,0.19409331686434375,1.0,0.18656496029766018,0.8263888888888888,0,0,0
667,0.20152271353721954,1.0,0.19883024118769185,0.8329861111111111,0,0,0
668,0.19823116553494732,1.0,0.19664081341655812,0.8232638888888889,0,0,0
669,0.17957340064803498,1.0,0.1906150293316354,0.8107638888888888,0,0,0
670,0.16157955614378847,1.0,0.18665958871002264,0.7805555555555556,0,0,0
671,0.13322943008136182,1.0,0.16338649253488152,0.74375,0,0,0
672,0.10671077976002466,1.0,0.13925978155731678,0.7211805555555556,0,0,0
673,0.09391974138427063,0.9024934373215732,0.13112361572041947,0.6767361111111111,0,0,0
674,0.07418590367098755,1.0,0.11042082789968474,0.6631944444444444,0,0,0
675,0.07278096961131844,1.0,0.11189529741103235,0.6569444444444444,0,0,0
676,0.07030474559168966,1.0,0.11450541437486804,0.6434027777777778,0,0,0
677,0.07032555835731336,1.0,0.10468338240647765,0.6527777777777778,0,0,0
678,0.09803663613228522,1.0,0.12277755228445301,0.7340277777777777,0,0,0
679,0.1386093988462409,1.0,0.1563252363592261,0.8034722222222223,0,0,0
680,0.1545552793477219,1.0,0.1608115970844551,0.8079861111111111,0,0,0
681,0.15492091934883945,1.0,0.16420421918658862,0.8107638888888888,0,0,0
682,0.16288730429444628,1.0,0.16590535151058153,0.815625,0,0,0
683,0.1712204334768865,1.0,0.1699620446247156,0.8243055555555555,0,0,0
684,0.1717807221036804,1.0,0.17120344453474204,0.8121527777777777,0,0,0
685,0.16404619152168093,1.0,0.16589194976134955,0.8114583333333333,0,0,0
686,0.16364858674905167,1.0,0.17047662446254008,0.8145833333333333,0,0,0
687,0.1730717552198159,1.0,0.1723919574749328,0.8104166666666667,0,0,0
688,0.188330566400558,1.0,0.18228047164136843,0.8357638888888889,0,0,0
689,0.1932741532738469,1.0,0.18800614478051264,0.834375,0,0,0
690,0.19032678946166048,1.0,0.18750431428462078,0.828125,0,0,0
691,0.20994044144616603,1.0,0.21091516543525743,0.8298611111111112,0,0,0
692,0.19619023089967205,1.0,0.1979125232290469,0.8149305555555556,0,0,0
693,0.18407047992880268,1.0,0.1940403212159671,0.8149305555555556,0,0,0
694,0.16331027435467324,1.0,0.18422375466601815,0.778125,0,0,0
695,0.1341517307582592,1.0,0.1661857226540033,0.7385416666666667,0,0,0
696,0.1070876713244601,0.9156497470642948,0.13789013526939592,0.7097222222222223,0,0,0
697,0.08700774012968375,1.0,0.12376238632669136,0.665625,0,0,0
698,0.07145786370960108,1.0,0.11148113878193938,0.6378472222222222,0,0,0
699,0.06915331363275232,0.9063342146111564,0.10512175344432168,0.6461805555555555,0,0,0
700,0.0650665142354245,1.0,0.107663039822704,0.6246527777777777,0,0,0
701,0.0683009189384822,1.0,0.10435214129017856,0.64375,0,0,0
702,0.09505791739167575,1.0,0.11869534760838536,0.7340277777777777,0,0,0
703,0.14230001064707806,1.0,0.15202371109239926,0.7972222222222223,0,0,0
704,0.16078640019134138,0.9849137555326558,0.1663079356836217,0.8135416666666667,0,0,0
705,0.1573709129526336,1.0,0.1636081065658273,0.8111111111111111,0,0,0
706,0.1658412054349554,1.0,0.17236654714370403,0.8090277777777778,0,0,0
707,0.1756942615439489,1.0,0.17831097862044318,0.81875,0,0,0
708,0.17638684360565252,1.0,0.1764510461707139,0.8152777777777778,0,0,0
709,0.1636675008522569,1.0,0.16934938497545518,0.7965277777777777,0,0,0
710,0.161919462165543,1.0,0.17159575844268274,0.7996527777777778,0,0,0
711,0.19039315601420728,1.0,0.1941455540700453,0.81875,0,0,0
712,0.19400695193437328,1.0,0.19025609926432577,0.8302083333333333,0,0,0
713,0.20031462952471135,1.0,0.1985222413393079,0.8194444444444444,0,0,0
714,0.19861722620570094,1.0,0.19852722951655447,0.8190972222222223,0,0,0
715,0.20866301211334845,1.0,0.21382483455151619,0.8180555555555555,0,0,0
716,0.20262901407285183,1.0,0.2058310982147003,0.8236111111111111,0,0,0
717,0.18044383114561696,1.0,0.19194087546577177,0.7899305555555556,0,0,0
718,0.1645839047970484,1.0,0.18633507900140625,0.7788194444444444,0,0,0
719,0.1391219448949425,1.0,0.17381619280540353,0.7385416666666667,0,0,0
720,0.11525687905597393,1.0,0.14645361563384166,0.7395833333333334,0,0,0
721,0.09939151472022614,0.965031588879706,0.13604821016193408,0.6986111111111111,0,0,0
722,0.08289417541681708,0.8825874013048346,0.1169134935546947,0.6711805555555556,0,0,0
723,0.07175802565734661,1.0,0.10833372949074642,0.6663194444444445,0,0,0
724,0.07057106578210312,0.9426284488834062,0.10561857130674944,0.6659722222222222,0,0,0
725,0.07103506798138973,0.8682545744612415,0.10815182382491456,0.6520833333333333,0,0,0
726,0.09142067005966052,1.0,0.12044684591925908,0.7145833333333333,0,0,0
727,0.1256591579480096,1.0,0.14017547554729373,0.7788194444444444,0,0,0
728,0.15444969651460394,1.0,0.15956386486429436,0.8083333333333333,0,0,0
729,0.16681238364240658,1.0,0.16810912805665434,0.8083333333333333,0,0,0
730,0.18330592260469716,1.0,0.18042249840737404,0.8236111111111111,0,0,0
731,0.19135863314616475,1.0,0.18949238938953494,0.8208333333333333,0,0,0
732,0.1881060248360488,1.0,0.18922060310710534,0.8215277777777777,0,0,0
733,0.18120568616103225,1.0,0.18300823693664986,0.8100694444444444,0,0,0
734,0.19001246392195334,1.0,0.19178625296968194,0.8215277777777777,0,0,0
735,0.18841068171000733,1.0,0.19183079865725647,0.8052083333333333,0,0,0
736,0.1896125994403681,1.0,0.18662775248304678,0.8236111111111111,0,0,0
737,0.1907464089583232,1.0,0.18967570144620566,0.8208333333333333,0,0,0
738,0.19293536601969605,1.0,0.19739245565155222,0.8128472222222223,0,0,0
739,0.2019528449984882,1.0,0.20680430524057428,0.8135416666666667,0,0,0
740,0.1929366788370906,1.0,0.2001491649007098,0.8173611111111111,0,0,0
741,0.1761328310249374,1.0,0.1906635483295343,0.7947916666666667,0,0,0
742,0.16161813067585484,1.0,0.18646154930428763,0.7770833333333333,0,0,0
743,0.13759902369574298,1.0,0.16816562726338524,0.7482638888888888,0,0,0
744,0.1178552422331278,1.0,0.1500026003917722,0.7253472222222223,0,0,0
745,0.09938531528673704,1.0,0.13561502568829026,0.7059027777777778,0,0,0
746,0.081988759514366,1.0,0.11952524591943944,0.6673611111111111,0,0,0
747,0.07398814202629515,1.0,0.11372937289864446,0.6739583333333333,0,0,0
748,0.06741301525800149,0.8706689728087631,0.10465032789878365,0.6302083333333334,0,0,0
749,0.07144546147877827,1.0,0.10862349290119351,0.6371527777777778,0,0,0
750,0.090962762635134,0.8759895872063781,0.12228260519692556,0.7048611111111112,0,0,0
751,0.11635542349365853,1.0,0.13646534215863382,0.7520833333333333,0,0,0
752,0.14784357362021,1.0,0.15735914963529446,0.7958333333333333,0,0,0
753,0.16488564599711225,1.0,0.16806997496802603,0.8107638888888888,0,0,0
754,0.17050027342665977,1.0,0.1719919942332712,0.8152777777777778,0,0,0
755,0.17485323110719028,1.0,0.174520556273738,0.8225694444444445,0,0,0
756,0.17368611867443443,1.0,0.17472742955844786,0.8069444444444445,0,0,0
757,0.17947735554643632,1.0,0.1824338790434638,0.8104166666666667,0,0,0
758,0.17623625097936835,1.0,0.17737222816684717,0.8138888888888889,0,0,0
759,0.17445129350456004,1.0,0.17760800219316933,0.815625,0,0,0
760,0.17833073788504908,1.0,0.17549748819236977,0.821875,0,0,0
761,0.18079516125989328,1.0,0.1802045527062747,0.8142361111111112,0,0,0
762,0.18993773470199665,1.0,0.19314175731089242,0.8010416666666667,0,0,0
763,0.1995697917024628,1.0,0.20080016193926797,0.8184027777777778,0,0,0
764,0.18885660162974374,1.0,0.19317498106261752,0.8204861111111111,0,0,0
765,0.17675476258256353,1.0,0.1927544678321022,0.7934027777777778,0,0,0
766,0.15988942954031796,1.0,0.1824901013628709,0.7725694444444444,0,0,0
767,0.13621041199927017,1.0,0.16672999865570365,0.7486111111111111,0,0,0
768,0.11215862899862265,1.0,0.14698421341039677,0.7152777777777778,0,0,0
769,0.09151024387363017,1.0,0.12921766008821695,0.6871527777777777,0,0,0
770,0.07424469091631943,0.8548504294352098,0.10996274651804172,0.65625,0,0,0
771,0.06930453607563329,0.8603986435309503,0.10201661062446797,0.6635416666666667,0,0,0
772,0.06169720639239519,0.949529037604119,0.09632390477202459,0.6211805555555555,0,0,0
773,0.07025189249254253,0.9413426692473976,0.10402920672760624,0.6673611111111111,0,0,0
774,0.09657566944198166,1.0,0.11601583024758567,0.7392361111111111,0,0,0
775,0.14455482136429607,0.9779400217764148,0.1611842204974615,0.7868055555555555,0,0,0
776,0.15956992406495266,1.0,0.16403253787989866,0.8131944444444444,0,0,0
777,0.153151443664606,1.0,0.16300193454301054,0.7996527777777778,0,0,0
778,0.15888082299851652,0.9455455319667868,0.16295883140722114,0.8072916666666666,0,0,0
779,0.16675964459220718,1.0,0.17415441611650204,0.8006944444444445,0,0,0
780,0.16811789758991552,1.0,0.17564047349743914,0.8020833333333334,0,0,0
781,0.16236853161421352,1.0,0.1684602673283171,0.8118055555555556,0,0,0
782,0.1604371250567516,1.0,0.16335507638694102,0.8041666666666667,0,0,0
783,0.16579306180044015,1.0,0.17588920465799354,0.796875,0,0,0
784,0.1831594361891843,1.0,0.1781912091826138,0.8211805555555556,0,0,0
785,0.18895280298115658,0.9993735785039156,0.18789465490963836,0.8142361111111112,0,0,0
786,0.18117501480481293,1.0,0.1841886020706259,0.8034722222222223,0,0,0
787,0.19157612874393612,1.0,0.19804507239035427,0.8111111111111111,0,0,0
788,0.1848194160282931,1.0,0.1947705200416264,0.8048611111111111,0,0,0
789,0.17116977058547225,1.0,0.1918788355061504,0.7815972222222223,0,0,0
790,0.15222085368200416,1.0,0.18370134727720713,0.7555555555555555,0,0,0
791,0.12996787476212904,1.0,0.1621245572167217,0.7524305555555556,0,0,0
792,0.09695403640275498,1.0,0.1328723964877493,0.6940972222222223,0,0,0
793,0.08557995831416633,0.8388239114762759,0.12029272307929133,0.6809027777777777,0,0,0
794,0.07526498911863609,0.9390069551792288,0.11157047194080914,0.6614583333333334,0,0,0
795,0.06702049079435707,1.0,0.10368895437552036,0.6510416666666666,0,0,0
796,0.06489023165255156,0.9286927841595896,0.10145641787133504,0.6322916666666667,0,0,0
797,0.07423786697945688,1.0,0.11249138371111453,0.6583333333333333,0,0,0
798,0.09447450775850746,1.0,0.1178926758810359,0.7371527777777778,0,0,0
799,0.13502992976122455,0.9631563227299016,0.1460817233646766,0.7913194444444445,0,0,0
800,0.1518420063278693,0.9471533200142788,0.15883898401690236,0.7996527777777778,0,0,0
801,0.1523236599483033,1.0,0.16177603922459105,0.7986111111111112,0,0,0
802,0.1550380523846744,1.0,0.1669988321963892,0.8,0,0,0
803,0.16766959074118948,1.0,0.16946137056828006,0.8125,0,0,0
804,0.16772852843556407,1.0,0.1758944427886576,0.8079861111111111,0,0,0
805,0.15930665904353994,1.0,0.1663423392068843,0.8013888888888889,0,0,0
806,0.15629768988989698,1.0,0.16326645700651812,0.8038194444444444,0,0,0
807,0.16728898391976468,1.0,0.1698847414353945,0.8076388888888889,0,0,0
808,0.17711635389592467,1.0,0.17932790229132117,0.8052083333333333,0,0,0
809,0.1934468562899345,1.0,0.18921565838348767,0.8267361111111111,0,0,0
810,0.18264901244841172,1.0,0.18454080820023797,0.8079861111111111,0,0,0
811,0.19962188127448108,1.0,0.20118837322381314,0.8204861111111111,0,0,0
812,0.1857978788324797,1.0,0.18747417316819906,0.8131944444444444,0,0,0
813,0.1747764675119521,1.0,0.18896747977106906,0.7940972222222222,0,0,0
814,0.154650943771774,1.0,0.180095922686825,0.7684027777777778,0,0,0
815,0.1321453814376374,1.0,0.16593566431547846,0.7392361111111111,0,0,0
816,0.106853114763789,1.0,0.13966927987108915,0.7097222222222223,0,0,0
817,0.08691938069413123,0.978473917096316,0.12701042515853506,0.6743055555555556,0,0,0
818,0.07057020589441476,0.8558424486548182,0.10703772047801094,0.6520833333333333,0,0,0
819,0.07098191447388247,0.9669813822168976,0.10819929380257615,0.6423611111111112,0,0,0
820,0.06681632307036921,1.0,0.1111349301181043,0.6340277777777777,0,0,0
821,0.07102097927510853,1.0,0.10628646592779778,0.6395833333333333,0,0,0
822,0.09413960660772004,1.0,0.12007868835600692,0.7125,0,0,0
823,0.14239007595860925,1.0,0.1518260055632478,0.7975694444444444,0,0,0
824,0.15647646486017797,0.97048008738522,0.16019937756814806,0.8163194444444445,0,0,0
825,0.15906725577620826,1.0,0.16541148923279858,0.8159722222222222,0,0,0
826,0.16200046381886737,1.0,0.16472094810350654,0.8201388888888889,0,0,0
827,0.1699377819809117,1.0,0.17518443915245918,0.8024305555555555,0,0,0
828,0.1674926131139579,1.0,0.17007788462473641,0.8125,0,0,0
829,0.15854881129287637,1.0,0.16225337072080512,0.80625,0,0,0
830,0.16008146195727588,1.0,0.16575822391686898,0.7979166666666667,0,0,0
831,0.16779201527920232,1.0,0.17166727690807898,0.7982638888888889,0,0,0
832,0.19004873437432399,1.0,0.1829488898862997,0.83125,0,0,0
833,0.1947742958591757,1.0,0.19000331869859552,0.8288194444444444,0,0,0
834,0.18944303343067448,1.0,0.18630794178885463,0.8152777777777778,0,0,0
835,0.2067605077169954,1.0,0.20705981460300263,0.8135416666666667,0,0,0
836,0.19035369661888843,1.0,0.19516934475485256,0.8048611111111111,0,0,0
837,0.17861353454359125,1.0,0.1920806616308152,0.8,0,0,0
838,0.1589231360050793,1.0,0.18876301599360007,0.7743055555555556,0,0,0
839,0.13447459883512683,1.0,0.16853290527870757,0.7458333333333333,0,0,0
