kpi,normal_mean,anomaly_mean,mean_difference,abs_mean_difference,normal_std,anomaly_std,std_difference,correlation_with_anomaly,abs_correlation,contribution_score,rank
1_1_22,0.2573389507425092,0.43578541015958,0.1784464594170707,0.1784464594170707,0.1707320017055358,0.2493728953619409,0.0786408936564051,0.2118848848047825,0.2118848848047825,0.8886615464137879,1
4_0_23,0.24758863711022,0.4216752483720307,0.1740866112618106,0.1740866112618106,0.1682229762330582,0.2531571350572171,0.0849341588241588,0.209291107320109,0.209291107320109,0.8798673943762001,2
25_2_17,0.2360757839390407,0.41279716886377,0.1767213849247293,0.1767213849247293,0.1940932419902179,0.2557873356233506,0.0616940936331326,0.1872144280764331,0.1872144280764331,0.8297882681183304,3
13_0_22,0.1546790698452746,0.3097458678962347,0.15506679805096,0.15506679805096,0.1521667033522775,0.2242296703798906,0.072062967027613,0.2066478571183477,0.2066478571183477,0.8083178366584236,4
12_0_14,0.2592616980483004,0.4263112749328338,0.1670495768845333,0.1670495768845333,0.1785921913064443,0.2347628104669382,0.0561706191604938,0.1921794954141407,0.1921794954141407,0.8034900389455518,5
16_2_9,0.2071448011297245,0.3526297341919872,0.1454849330622626,0.1454849330622626,0.1519198731976474,0.2580825688411631,0.1061626956435157,0.1917306128363337,0.1917306128363337,0.7987914440690806,6
8_0_20,0.3454816356789141,0.515056464968406,0.1695748292894918,0.1695748292894918,0.1926227880681774,0.2211990041467133,0.0285762160785358,0.1829311324964852,0.1829311324964852,0.7663594422895641,7
15_2_12,0.2094350061031803,0.3640646901362597,0.1546296840330793,0.1546296840330793,0.1766469059051885,0.2418446662697235,0.0651977603645349,0.1796792734095393,0.1796792734095393,0.7611658337703564,8
14_0_20,0.2693594378176168,0.4388934873011486,0.1695340494835318,0.1695340494835318,0.1989942568786052,0.2273565536420884,0.0283622967634831,0.1772734224129077,0.1772734224129077,0.7579927712139917,9
25_1_19,0.1885530454378948,0.337182689447533,0.1486296440096381,0.1486296440096381,0.1540529666482728,0.2065561152351695,0.0525031485868967,0.1976870368541487,0.1976870368541487,0.7555394347950426,10
