time_index,isolation_forest_score,ocsvm_score,combined_anomaly_score,isolation_forest_anomaly,ocsvm_anomaly,common_anomaly,union_anomaly
82,0.5939282751450562,0.3134760388876483,1.0,1,1,1,1
304,0.5496101033552563,0.1735516904256013,0.8681206057334903,1,1,1,1
309,0.5750478256887671,-0.0490521789166131,0.8680989888679058,1,0,0,1
378,0.5534445505130958,0.0263882583616648,0.839719630301125,1,1,1,1
46,0.5536199046295438,7.967314785517488e-05,0.8335269206667089,1,1,1,1
310,0.5399069501271975,0.0996505201440851,0.8284317799236822,1,1,1,1
659,0.5484687314372148,0.0166020872744248,0.8263936091391146,1,1,1,1
377,0.5336343923635505,0.1362168502865923,0.8238567138851342,1,1,1,1
715,0.5424870954122303,0.0444477090850883,0.8202748168060736,1,1,1,1
308,0.5444381521405484,-0.0002296128409424,0.8133732881685223,1,0,0,1
