time_index,actual,LinearRegression,DecisionTree,RandomForest
674,0.0114110523334792,0.12007669890549474,0.018605094757920305,0.016879993093956366
675,0.0,0.0794628937260192,0.010228048912723048,0.0062179661156646525
676,0.0079079827085241,0.12886577106252284,0.010228048912723048,0.01217880160467111
677,0.0063449319459076,0.14782428279573168,0.010228048912723048,0.016189959431345952
678,0.0298365735941724,0.16572910828225054,0.09875888561052945,0.05665412027783916
679,0.1698591065744791,0.18709958779740338,0.044422652787577975,0.19037259303653545
680,0.7478423842018952,0.34702980231568414,0.5803880310859021,0.6240983140798796
681,0.9892667963441868,0.934686987279606,0.9022371373188071,0.9702166964974133
682,0.9028538252178362,0.901526022136509,0.9715666622579562,0.8723808759721688
683,0.395540445142934,0.6744368886221282,0.4636147043621503,0.4688430639071914
684,0.275284486538862,0.310875540261754,0.2754048722892211,0.32869657626160476
685,0.6252807057610238,0.6033106694572012,0.6801777936882805,0.6932669725051049
686,0.5800591113256204,0.8826008544742031,0.7750491524515368,0.797976430864185
687,0.449881727611125,0.556989774007587,0.6116914586125647,0.6543032799138088
688,0.4634158915948765,0.2950933747775071,0.4141609867233248,0.41846645645025937
689,0.2140229149916507,0.38322556334427227,0.16789298028645872,0.19785845254378315
690,0.1428967150409952,0.15218609468717537,0.2480191952144756,0.2299490129724331
691,0.2407108890557552,0.0558747059907978,0.1532570426405345,0.20662018567245094
692,0.2757393960546248,0.18864238455874882,0.2480191952144756,0.25688173483116233
693,0.373633084109679,0.23563620974905816,0.21273297205656147,0.18139543180278397
694,0.1444892731813894,0.1905933189268342,0.13250443459067088,0.1514403323636109
695,0.0764283614572556,-0.014648825846473229,0.06884782172708112,0.09602716935403272
696,0.0217707121205684,0.13147390211873083,0.052684889004378045,0.04107980173236672
697,0.0137365586978011,0.10248260466212138,0.010228048912723048,0.016522447738939055
698,0.0071260057033773,0.17990930990080156,0.010228048912723048,0.010806431352307988
699,0.0127140485301316,0.1488513982651869,0.010228048912723048,0.010306853420574963
700,0.0,0.16065369717350378,0.010228048912723048,0.014464124294427979
701,0.0091044086497722,0.13301009720277346,0.010228048912723048,0.012782621510181386
702,0.0509398970936399,0.13096671038812,0.02638111058379476,0.02450102190355029
703,0.268734311719815,0.16555049170089986,0.24923676571535228,0.22954909345818791
704,0.7828421454388874,0.4257699166881952,0.36855388657877763,0.6526501335759698
705,0.8029558519788506,0.8785405777198093,0.997901177440697,0.9887594284904333
706,0.8678105064285216,0.6743212414297587,0.99886413467281,0.9377331996949888
707,0.422388867743004,0.7335197729731712,0.4636147043621503,0.4697683028577614
708,0.5152964995364713,0.350320810165894,0.6801777936882805,0.7055779607095225
709,0.5851868785533794,0.716652300610227,0.7565867217663756,0.7588050806400511
710,0.5585540395647497,0.590418851109718,0.7750491524515368,0.742468040991131
711,0.3104067484278121,0.5320843869695933,0.6116914586125647,0.62021158763313
712,0.3323326156913406,0.17520304462682743,0.3413005424101602,0.4335805324548416
713,0.1570242710761236,0.37198606192796035,0.2480191952144756,0.20920216319724413
714,0.1636644350269053,0.11984909344895367,0.1532570426405345,0.19976905891672148
715,0.2065519848018054,0.1451559279762939,0.10835655822215312,0.1457053150165564
716,0.1943542787654594,0.09735286673569418,0.13250443459067088,0.1745436230275178
717,0.1430431581752987,0.13848080398811033,0.13250443459067088,0.144525155895468
718,0.0856656610493718,-0.007246324839003365,0.056236337031952216,0.06559874285882532
719,0.0611476735254445,0.05690732231287318,0.052684889004378045,0.03947584725115727
720,0.0130396257044314,0.09910302549199293,0.018605094757920305,0.024149271535957393
721,0.008926687744357,0.08871141145319797,0.010228048912723048,0.010891198137733558
722,0.0128143310012052,0.12367597018351766,0.010228048912723048,0.006945996212572386
723,0.0105394998989769,0.1754619693409744,0.010228048912723048,0.008487552671546087
724,0.0,0.15484418947512163,0.010228048912723048,0.010023013811738875
725,0.0006325799418421,0.14480409529480928,0.010228048912723048,0.010713042549411527
726,0.0167956299748248,0.15959722440843815,0.02638111058379476,0.047184503250864866
727,0.4118668486882314,0.18245444583056203,0.11840181894458605,0.1528397024041545
728,0.9011973733921826,0.629534254782539,0.7723130037797805,0.7980089040783186
729,1.0,0.9720388959871091,0.997901177440697,0.9951243268554429
730,1.0,0.8271021287405237,0.8202268308443724,0.7777790033944808
731,1.0,0.7806758489111317,0.7208464844525465,0.7055937467680512
732,0.4779535910557478,0.8824913512382467,0.5634195292467666,0.5746902735195445
733,0.7712634213744243,0.3623996019686919,0.40420302572531147,0.5135436420832924
734,0.9533586033676984,0.7964171233416286,0.2754048722892211,0.5443023866002451
735,0.8382850720838239,0.8368688243911007,0.9170304955190313,0.7560774492753769
736,0.5674282022420593,0.5368474529862665,0.5154495468818664,0.49745202128440924
737,0.1778393402360606,0.1135251321404941,0.214975755501262,0.20069778805715066
738,0.1318177620480809,0.13241909734898066,0.12421142503645625,0.20208698543971695
739,0.2190358285755669,0.22153878574295352,0.12079763460822956,0.19173767112157106
740,0.1739459602724126,0.1997274661333742,0.19618584427639754,0.1504178631968386
741,0.0921617306821199,0.07107352435406761,0.12874232426219423,0.1277140875086761
742,0.0492080007178105,-0.03823370892312142,0.0400457518308639,0.07993252239951816
743,0.0828657919480104,-0.06576548926057083,0.08742553822050958,0.05635736560451737
744,0.0058291848913433,0.043634790143730035,0.018605094757920305,0.017923570799225658
745,0.0,-0.07667141719159246,0.010228048912723048,0.006065560379804817
746,0.0015152289826621,0.01143564567284544,0.010228048912723048,0.005932673370834685
747,0.0052477721746245,0.10305635388009071,0.010228048912723048,0.008971691960816729
748,0.0090515366147189,0.1444406708745924,0.010228048912723048,0.009736876423956202
749,0.0096995505925187,0.1481151556446853,0.010228048912723048,0.01650756232882068
750,0.0416838243575795,0.17431935640544097,0.02638111058379476,0.058314534222213416
751,0.3224856039151875,0.2139077315941824,0.19259538452704908,0.24304642340458762
752,1.0,0.5198741760322483,0.7410811918944747,0.7629541025040006
753,1.0,1.1342617154035783,0.997901177440697,0.9946094649080665
754,1.0,0.7932174657075547,0.8202268308443724,0.8058463767301143
755,0.8192659110488345,0.7821741846054274,0.7208464844525465,0.6770781017073407
756,0.3246695616011432,0.7000448832443805,0.33090032305336925,0.47165017763244166
757,0.6764525999610919,0.4205237812153978,0.6071796736665508,0.7511355781606446
758,0.9196197706390874,0.8118602031737238,0.7750491524515368,0.8512520261370708
759,0.8312865786716448,0.8889581489772554,0.6116914586125647,0.7053646280358379
760,0.4257026367809385,0.5266587555065392,0.5154495468818664,0.48904162453242345
761,0.1148098366698216,0.017664357637692613,0.1662479887908,0.164277503423747
762,0.1276948060578284,0.1628220231210158,0.4566340174266865,0.20414224718747545
763,0.1883090888181198,0.277693028115821,0.12079763460822956,0.1812824261423035
764,0.1831292189720253,0.17742212573186814,0.19618584427639754,0.18058807903123392
765,0.1749181671618736,0.09216383600574707,0.21273297205656147,0.1677122609282423
766,0.1214710409434582,0.057406207389953806,0.13250443459067088,0.14878462444075943
767,0.0297831226154284,-0.019230404219105296,0.08037599129637853,0.06803656987725541
768,0.0274129688264299,-0.04134606315601605,0.018605094757920305,0.02684618484071568
769,0.0228296515389751,0.012389279598334302,0.018605094757920305,0.017318337752729732
770,0.0043315900299538,0.08588714398852842,0.010228048912723048,0.009251459525601842
771,0.0209273540110911,0.11010903386420788,0.010228048912723048,0.03621244014892604
772,0.001319813823523,0.15351773800667673,0.010228048912723048,0.016536307128895596
773,0.0160927076081618,0.1620578526233626,0.010228048912723048,0.015390203330258208
774,0.0252885741477408,0.17470828238808067,0.02538140665528529,0.07695002420461582
775,0.2815160877552028,0.17071297526932397,0.24923676571535228,0.21010536520521225
776,0.6178619941920163,0.4806981548743352,0.7723130037797805,0.7451959110135284
777,0.9096246547266736,0.7189553286381806,0.997901177440697,0.9771531903643711
778,0.7313189520974058,0.8655377344075308,0.997901177440697,0.9601033168577551
779,0.3587059425069142,0.544187982052462,0.4636147043621503,0.47526347069806524
780,0.4372284917234883,0.35851906405657924,0.763619917710043,0.690168142367028
781,0.7516319137198262,0.6444365437926914,0.7565867217663756,0.7447541324533362
782,0.701730576439163,0.8738235120026748,0.8008040971608198,0.787842516940444
783,0.5316499892377773,0.5042172274270835,0.738303147163773,0.6931853545556932
784,0.3997119685451918,0.2909143830285481,0.3413005424101602,0.42638019803713584
785,0.2807425954455571,0.3408464523038086,0.3101467951146453,0.2443480799227896
786,0.1874049352635688,0.27252637260397905,0.19618584427639754,0.235105174538481
787,0.2306087876229211,0.11237573464357187,0.2480191952144756,0.2527649815407407
788,0.1077563667819853,0.20629954223738917,0.2480191952144756,0.22238144665725973
789,0.0412685099880244,0.0735752192852819,0.07691966955454393,0.10064046191148666
790,0.0878173468081364,0.029230873930741502,0.0400457518308639,0.054638487976907936
791,0.0404978025353532,0.09908024347247368,0.07691966955454393,0.05376637006716883
792,0.018229955715096,0.06136945182134437,0.018605094757920305,0.01571129288996086
793,0.0056844157645928,0.00780973100644014,0.010228048912723048,0.006205960310572182
794,0.0,0.05490044585965945,0.010228048912723048,0.009023418407797084
795,0.0150012632379548,0.1270991513197594,0.010228048912723048,0.011518860576120407
796,0.0021337015174619,0.13505655852500806,0.02538140665528529,0.0648169486737002
797,0.0057173480294288,0.13737851336575901,0.010228048912723048,0.03424806083620811
798,0.0384509370378809,0.180883962348037,0.044422652787577975,0.18319536432174668
799,0.1899662830323125,0.21395009856013192,0.18775423663492105,0.21768287859611576
800,0.687772118731903,0.3832028494911598,0.6523584776064403,0.6566860539030965
801,1.0,0.8633734701515834,0.997901177440697,0.9946190856033991
802,0.8969990959671416,0.9423108405885455,0.997901177440697,0.9701606405247268
803,0.3518585851692634,0.6775468594526306,0.4636147043621503,0.4188663624188163
804,0.2547870492651183,0.2679054731034506,0.2754048722892211,0.3487885348229657
805,0.6659889500420526,0.5940925704268794,0.6801777936882805,0.6951150008819098
806,0.5430845022883726,0.9655455949194978,0.8008040971608198,0.8296444214397539
807,0.4799341692811243,0.49686920503087506,0.6071796736665508,0.6370237906983721
808,0.3559460308395996,0.331743968524562,0.4141609867233248,0.4113122578724419
809,0.1343225272617325,0.3000568348478207,0.16789298028645872,0.17901657463127754
810,0.1324527199654087,0.17892093283363725,0.1532570426405345,0.22478055206396477
811,0.2256737290088808,0.08830059416185726,0.1532570426405345,0.1900622333892432
812,0.218746191217181,0.21612256774199615,0.2480191952144756,0.2622063268174071
813,0.1430855231549943,0.15882204747252537,0.13250443459067088,0.1843368548743665
814,0.1377685804909818,0.011351849761764538,0.08037599129637853,0.09375095334085636
815,0.0680470674945492,0.1078517788172311,0.056236337031952216,0.06527126136140518
816,0.0221310618560174,0.10465234295083561,0.052684889004378045,0.03345021745867823
817,0.0180313312273061,0.05129152599475817,0.010228048912723048,0.01146911510778702
818,0.0129830982085029,0.12616486948391004,0.010228048912723048,0.012839051971632941
819,0.0505061113458295,0.1767995772527618,0.010228048912723048,0.008359192612937301
820,0.0132531571708185,0.1855518561026661,0.018605094757920305,0.03040503025022971
821,0.0,0.13625767447159232,0.010228048912723048,0.014056314853041332
822,0.015404321881339,0.15674663608164816,0.02638111058379476,0.02710055982718453
823,0.2374692731693584,0.1789409230600008,0.11840181894458605,0.12200819050101083
824,0.737543739319052,0.43176040850298414,0.7723130037797805,0.6723824488910757
825,1.0,0.8687940284867203,0.997901177440697,0.9633045582572792
826,0.7624089421170589,0.9035502786758668,0.997901177440697,0.9920601807134214
827,0.3535682433550846,0.5376557698048539,0.4636147043621503,0.4689525048790821
828,0.3198340113770753,0.35320420748325465,0.7723130037797805,0.6998502369999265
829,0.5832441574854961,0.6261524675946135,0.6801777936882805,0.7412482935136119
830,0.6162410719383444,0.8103585408544175,0.7750491524515368,0.8051315552686696
831,0.5301642215686,0.549333881162216,0.6116914586125647,0.696611436047265
832,0.376055830619428,0.3456980693978329,0.4141609867233248,0.4370223026094597
833,0.1553287657959625,0.2612542395532309,0.3101467951146453,0.19538556585706982
834,0.160348836113524,0.1272505849049701,0.21517724759108878,0.23110947757155242
835,0.1833213090865961,0.1559635333814792,0.1532570426405345,0.2101019631286172
836,0.274144927026111,0.17942855682805847,0.2480191952144756,0.2264325042207376
837,0.2178192729550206,0.22737956079209373,0.13250443459067088,0.16761966088863134
838,0.1040845729455773,0.0712311482135207,0.13250443459067088,0.14686637857475676
839,0.1034771365139826,0.043547794489846664,0.052684889004378045,0.05311647482008688
