Actual,XGBoost,LightGBM
0.10671077976002466,0.118260846,0.11850859917447709
0.09391974138427063,0.098914206,0.09114862464932551
0.07418590367098755,0.073424056,0.0755444616739147
0.07278096961131844,0.07691418,0.07268796833939696
0.07030474559168966,0.07154653,0.06823501671056227
0.07032555835731336,0.074551776,0.06911124557200003
0.09803663613228522,0.08546311,0.08116423608285131
0.1386093988462409,0.12924683,0.13173115827624035
0.1545552793477219,0.1549487,0.15379543857644476
0.15492091934883945,0.1620302,0.16085433244108402
0.16288730429444628,0.16623197,0.16691770808140377
0.1712204334768865,0.17337331,0.17387063506613754
0.1717807221036804,0.16599597,0.1674547488869789
0.16404619152168093,0.17325269,0.17669033784704458
0.16364858674905167,0.17153452,0.17291473441635588
0.1730717552198159,0.17164946,0.17190304019327857
0.188330566400558,0.17853154,0.1830654423549081
0.1932741532738469,0.18771327,0.1877543353379685
0.19032678946166048,0.1871058,0.186548241736299
0.20994044144616603,0.19397499,0.19641819653020473
0.19619023089967205,0.19437566,0.19325814686103596
0.18407047992880268,0.1810858,0.17985349445421356
0.16331027435467324,0.16098262,0.16231263492903203
0.1341517307582592,0.13919297,0.13956191941014168
0.1070876713244601,0.121994436,0.1240741303818894
0.08700774012968375,0.09056585,0.0854120341364853
0.07145786370960108,0.07763119,0.07636750722397363
0.06915331363275232,0.081218526,0.08394879503036085
0.0650665142354245,0.07121433,0.06790458892021206
0.0683009189384822,0.06770993,0.0687437375529348
0.09505791739167575,0.08922245,0.09004025350951078
0.14230001064707806,0.12809992,0.13088690317559618
0.16078640019134138,0.15798774,0.1604312416979772
0.1573709129526336,0.15531063,0.15601814932936567
0.1658412054349554,0.1667048,0.1677703487240304
0.1756942615439489,0.16656062,0.16554922185395426
0.17638684360565252,0.17049256,0.17339812472687602
0.1636675008522569,0.1713061,0.17196468140757432
0.161919462165543,0.1700698,0.17078613567965034
0.19039315601420728,0.17751703,0.1818013917629743
0.19400695193437328,0.18858163,0.1910690251142907
0.20031462952471135,0.18426752,0.1894809315722269
0.19861722620570094,0.18826044,0.19225135081499192
0.20866301211334845,0.1919461,0.1942319557882098
0.20262901407285183,0.19387704,0.19524494128111886
0.18044383114561696,0.18776068,0.1893858410249886
0.1645839047970484,0.16576433,0.17280250286443624
0.1391219448949425,0.14966917,0.1487011536197462
0.11525687905597393,0.107971445,0.12659433303488055
0.09939151472022614,0.1008778,0.09744059848563237
0.08289417541681708,0.09527237,0.08801313912045804
0.07175802565734661,0.07420331,0.07382254142081886
0.07057106578210312,0.068778336,0.06700752729300362
0.07103506798138973,0.07901673,0.08359771329397941
0.09142067005966052,0.08322072,0.08243898057831422
0.1256591579480096,0.12273934,0.12147970303407828
0.15444969651460394,0.14204974,0.14453183985077322
0.16681238364240658,0.1590479,0.16339300123143632
0.18330592260469716,0.17041565,0.1736619094590962
0.19135863314616475,0.18198174,0.1825119202846992
0.1881060248360488,0.1811234,0.18329131260177825
0.18120568616103225,0.18121153,0.18185656035412323
0.19001246392195334,0.18634847,0.18661637758488991
0.18841068171000733,0.18326905,0.183990056097232
0.1896125994403681,0.18437941,0.1829400048709621
0.1907464089583232,0.1893064,0.18797051826027256
0.19293536601969605,0.18839431,0.18800419476195004
0.2019528449984882,0.18836161,0.18741873911605886
0.1929366788370906,0.19062899,0.1901489202509594
0.1761328310249374,0.1810163,0.18413657167569836
0.16161813067585484,0.16593325,0.16602037738847333
0.13759902369574298,0.13093647,0.13471795276337592
0.1178552422331278,0.11402954,0.1112020045850847
0.09938531528673704,0.08915514,0.09599577779368583
0.081988759514366,0.0819136,0.08400350769675737
0.07398814202629515,0.07944387,0.08205604404804749
0.06741301525800149,0.07409485,0.0734418073932102
0.07144546147877827,0.07550768,0.08104110813951547
0.090962762635134,0.08708173,0.09015022479002636
0.11635542349365853,0.12447853,0.12476130818954943
0.14784357362021,0.1391242,0.13976733389224433
0.16488564599711225,0.1591734,0.16124972345584576
0.17050027342665977,0.16648194,0.16362285218868966
0.17485323110719028,0.18019234,0.1763089491522339
0.17368611867443443,0.18243065,0.18298812429071867
0.17947735554643632,0.17781195,0.17743552521769082
0.17623625097936835,0.178669,0.17944570177964805
0.17445129350456004,0.18213788,0.18217756805319552
0.17833073788504908,0.17541851,0.18191173198714458
0.18079516125989328,0.18622763,0.18768070763752906
0.18993773470199665,0.18590964,0.189415292984135
0.1995697917024628,0.19157203,0.19504172998505773
0.18885660162974374,0.19146536,0.19446795426911104
0.17675476258256353,0.18076748,0.18279819721493237
0.15988942954031796,0.15889987,0.1602422046324967
0.13621041199927017,0.13251998,0.12650370434273303
0.11215862899862265,0.113684416,0.11505410172292511
0.09151024387363017,0.08914793,0.08934505260209823
0.07424469091631943,0.08241684,0.07593916611908987
0.06930453607563329,0.076675594,0.07492120447997759
0.06169720639239519,0.069883175,0.06765960922589195
0.07025189249254253,0.07975299,0.0762552031977319
0.09657566944198166,0.085703455,0.08536415850044904
0.14455482136429607,0.13198617,0.13066841230686815
0.15956992406495266,0.1615687,0.16102529932922757
0.153151443664606,0.16229105,0.16182680458766088
0.15888082299851652,0.16438808,0.16333320857960545
0.16675964459220718,0.16394603,0.1627608188026438
0.16811789758991552,0.16855755,0.17152323187420157
0.16236853161421352,0.17700113,0.17580506681758726
0.1604371250567516,0.17041303,0.17013785470881096
0.16579306180044015,0.16773018,0.1714377097167923
0.1831594361891843,0.17811403,0.18272303051483496
0.18895280298115658,0.1774421,0.18423951241158704
0.18117501480481293,0.18744099,0.1901107450089033
0.19157612874393612,0.17963539,0.18373110024517447
0.1848194160282931,0.17942597,0.17725237964561408
0.17116977058547225,0.17293808,0.1738063826845884
0.15222085368200416,0.15551032,0.1561252478032223
0.12996787476212904,0.11903863,0.11311029539634959
0.09695403640275498,0.11609077,0.1175690672982275
0.08557995831416633,0.0848075,0.08326391729299219
0.07526498911863609,0.08651428,0.0829419868114652
0.06702049079435707,0.073148414,0.07636182683819473
0.06489023165255156,0.07187865,0.07173793838921359
0.07423786697945688,0.076404154,0.07988922708560725
0.09447450775850746,0.08011592,0.08289378913599019
0.13502992976122455,0.13227956,0.13159713580641547
0.1518420063278693,0.16279072,0.16528837950725173
0.1523236599483033,0.16396557,0.16383769774809032
0.1550380523846744,0.16223282,0.16185093962112307
0.16766959074118948,0.1689352,0.17080555343664525
0.16772852843556407,0.1733076,0.1715401116434157
0.15930665904353994,0.17305511,0.1698983858663127
0.15629768988989698,0.17125829,0.16926218383032876
0.16728898391976468,0.1741052,0.1741878683471141
0.17711635389592467,0.18064481,0.1853249622719786
0.1934468562899345,0.18060757,0.1856730585353349
0.18264901244841172,0.19093625,0.19139980008928406
0.19962188127448108,0.19147032,0.19029247755791948
0.1857978788324797,0.18830904,0.19177189704595574
0.1747764675119521,0.17652908,0.18135560064806805
0.154650943771774,0.1569193,0.15820170616365956
0.1321453814376374,0.13163647,0.12864437546894508
0.106853114763789,0.11497662,0.0998376066985286
0.08691938069413123,0.0898533,0.08065955058269719
0.07057020589441476,0.07849415,0.07659645619418827
0.07098191447388247,0.07289104,0.07159825669789961
0.06681632307036921,0.06992305,0.06736296779278172
0.07102097927510853,0.075372234,0.06998838394928357
0.09413960660772004,0.09944833,0.08975268275432416
0.14239007595860925,0.13222827,0.13213411077563922
0.15647646486017797,0.15176421,0.15029926224406456
0.15906725577620826,0.16610582,0.16326393911689693
0.16200046381886737,0.15897192,0.1626227160403672
0.1699377819809117,0.1715719,0.17260418049375348
0.1674926131139579,0.17087904,0.17246381488024054
0.15854881129287637,0.17508234,0.17342068985169454
0.16008146195727588,0.16831647,0.1691496129322898
0.16779201527920232,0.16775326,0.17047567863106522
0.19004873437432399,0.17705536,0.17968107298108457
0.1947742958591757,0.18647034,0.1884167095322975
0.18944303343067448,0.19357209,0.1966665764794851
0.2067605077169954,0.19489256,0.19467216754239589
0.19035369661888843,0.19406979,0.19369823297046124
0.17861353454359125,0.17789307,0.17711653970774272
0.1589231360050793,0.16169034,0.15442159380115134
0.13447459883512683,0.12227351,0.12217087427997476
