time_index,11_0_19
1,0.0042874372655142
2,0.0021437165622051
3,0.0037174030841826
4,0.0
5,0.0
6,0.0186241759397612
7,0.125828491572331
8,0.6056893935643765
9,0.8857878072507622
10,0.9167415760805582
11,0.4585831245116579
12,0.305853553871655
13,0.6921333352951485
14,0.8509162708094443
15,0.6558236708464517
16,0.4480743383202349
17,0.2229229748624935
18,0.2237358427103923
19,0.3411919806307077
20,0.2900208213804124
21,0.1238224386298353
22,0.1352390318633596
23,0.1149918664905333
24,0.0716548137480122
25,0.0207854888451945
26,0.0103833070159235
27,0.0020872239589912
28,0.0
29,0.030299362717837
30,0.0492971794755182
31,0.2141279350124454
32,0.5283822740094211
33,0.8497137286833504
34,0.8703121896902943
35,0.5367651077841157
36,0.3860199723797685
37,0.7867044163459771
38,1.0
39,0.90938219808898
40,0.4506724523402704
41,0.2480725817268805
42,0.170931959074035
43,0.2309913428075173
44,0.1451422989077102
45,0.0540164763937265
46,0.062390874509793
47,0.0507435283331968
48,0.0161902225347363
49,0.0058682844028335
50,0.0177156208384499
51,0.0170634908669881
52,0.0091221113327902
53,0.0154981965415177
54,0.0270753757449322
55,0.0847089922765072
56,0.5950381756109716
57,1.0
58,1.0
59,0.7868478960585161
60,0.3265025893368992
61,0.9049955330356674
62,1.0
63,1.0
64,0.6670317825497029
65,0.1505186755485045
66,0.1239100992460011
67,0.2232072644817008
68,0.053722190040915
69,0.0560741330066875
70,0.0685425519267829
71,0.1106535110335695
72,0.0092689790384731
73,0.0
74,0.0
75,0.0
76,0.0029639146207963
77,0.010284269232844
78,0.0123799566396932
79,0.1290514948329357
80,0.5863045316190174
81,1.0
82,1.0
83,0.8542347154400223
84,0.3401156066533571
85,0.7965802368300116
86,1.0
87,0.7201243732959607
88,0.4072116599053579
89,0.1298064584720953
90,0.1572797584866961
91,0.1155889030695959
92,0.1341984373019679
93,0.1810219409705802
94,0.1573467147283356
95,0.048113166545518
96,0.0129632176690008
97,0.0067701375920086
98,0.001504590050363
99,0.0095681565539056
100,0.0223679629832531
101,0.0416513692525539
102,0.0175560791523528
103,0.175926282801358
104,0.5032474277258023
105,1.0
106,1.0
107,0.5829496405897387
108,0.3039111418418974
109,0.6870510358872528
110,0.8338160976222563
111,0.6749120323334611
112,0.4733095468371219
113,0.1555298369701936
114,0.2570320786587206
115,0.2022572842204317
116,0.2217498311832293
117,0.2583470832317932
118,0.1448811081587422
119,0.0522946665205
120,0.0373805254661989
121,0.0073854741669113
122,0.0099659003144711
123,0.0
124,0.0
125,0.0
126,0.0257298656386758
127,0.1927793742569923
128,0.7068497686068486
129,0.9980535736583556
130,0.880844060030753
131,0.4248396021217221
132,0.219531328402707
133,0.7433549914255977
134,0.7465286899338291
135,0.874856791119743
136,0.6269418275498441
137,0.2978859124897732
138,0.1853905610894302
139,0.2288992556300384
140,0.2782351107765995
141,0.1270966613933997
142,0.1248063775216473
143,0.0833812204576081
144,0.0263202599371904
145,0.0
146,0.0114847361550979
147,0.0236494501908524
148,0.0190280863547984
149,0.0073507144460176
150,0.0231160785698923
151,0.1804847641774431
152,0.5942775390634051
153,1.0
154,1.0
155,0.6373399622418311
156,0.5791505729717559
157,0.7349256310432407
158,0.7408400798319055
159,0.4916957469486508
160,0.3943381603701364
161,0.2047915267571662
162,0.1176199239605627
163,0.3734756756844417
164,0.3839071302363415
165,0.212747997862149
166,0.0611960654846429
167,0.0090418275909192
168,0.0166073891102919
169,0.0
170,0.0
171,0.0104099531847988
172,0.0169753068816772
173,0.0
174,0.0320421775264825
175,0.1594704427589262
176,0.5505916758454171
177,1.0
178,0.966276079367162
179,0.5562623607093211
180,0.4560854506768185
181,0.719448533156841
182,0.7005758596553532
183,0.5035202048751879
184,0.3772649909066429
185,0.2325476748420502
186,0.2193817755047261
187,0.2055405888215365
188,0.119591766221274
189,0.111891916060581
190,0.0752579417244374
191,0.0309910856287574
192,0.0230199887312121
193,0.0051478282285943
194,0.0113532917609141
195,0.0
196,0.0200047087020204
197,0.0063292443097031
198,0.0446371323249594
199,0.2162503514384696
200,0.5524856789640107
201,0.9939953690513142
202,0.9630085409105262
203,0.348325749604131
204,0.2365917904436495
205,0.6515560762644079
206,0.9169353676266648
207,0.6624547828545376
208,0.4405003846882098
209,0.1347924398365743
210,0.0954365032704281
211,0.1453961764111845
212,0.1106901792864581
213,0.1383548716670756
214,0.081959174517743
215,0.0518780795498942
216,0.0162310291977799
217,0.0046554262074774
218,0.0
219,0.0142921040235295
220,0.0079442153439404
221,0.0043010376853085
222,0.015613897608723
223,0.1332776721301651
224,0.6611266158442356
225,1.0
226,1.0
227,0.8112654358388052
228,0.278237591635455
229,0.5525580998508972
230,0.932047501670259
231,0.9128246562112914
232,0.5885662671547207
233,0.1673081241870482
234,0.130147662191373
235,0.1870206063244223
236,0.1815858302905456
237,0.1075939386345894
238,0.1250823854976809
239,0.0733649621889873
240,0.0609626247383558
241,0.0
242,0.0062052960805147
243,0.0044625397078774
244,0.0122641984957506
245,0.0061216176679493
246,0.0
247,0.2052348925628186
248,0.6672030767857946
249,1.0
250,1.0
251,0.752173253544574
252,0.3517982510087852
253,0.6537217636228788
254,1.0
255,1.0
256,0.5512152725775356
257,0.1634853838448887
258,0.1730814840951769
259,0.2132328034606443
260,0.2075548007278438
261,0.1493506584511711
262,0.1373042702456481
263,0.0662248422964505
264,0.0204145458674362
265,0.0196673580556633
266,0.0217358809075754
267,0.0041694735486243
268,0.005397611015019
269,0.0080810018343502
270,0.0133402644062422
271,0.2413240941131506
272,0.7264957488311133
273,1.0
274,1.0
275,0.5918382225610681
276,0.492246799270499
277,0.7567718142922779
278,0.7535229046703719
279,0.8447077409681952
280,0.5369179585917883
281,0.2081172477126771
282,0.2596006677987909
283,0.2132058244390907
284,0.1692650222103671
285,0.1249459931032456
286,0.1017596071593985
287,0.0450269336146413
288,0.0391080240049553
289,0.0110017790306754
290,0.0
291,0.0
292,0.005532564769178
293,0.0
294,0.0321035236303463
295,0.1650635529507748
296,0.5615212836320559
297,0.887400025264711
298,0.9826418542283696
299,0.5815673720301141
300,0.3281255338902261
301,0.6908945889662063
302,0.8404177814481227
303,0.715554451790551
304,0.4758147055658175
305,0.2678572768805268
306,0.2499698336607352
307,0.2518568553355958
308,0.1532348696274023
309,0.0871062108052734
310,0.091575120732094
311,0.1099509175701774
312,0.0
313,0.0
314,0.0104816679815872
315,1.305453629586165e-05
316,0.0096116202333218
317,0.0
318,0.0178235532689765
319,0.1279206703474274
320,0.7123669322335411
321,1.0
322,1.0
323,0.648786106884518
324,0.3845333920327817
325,0.696762458930883
326,0.755279327628467
327,0.75772971511828
328,0.5345710684475639
329,0.1745256618647117
330,0.2256846387022822
331,0.2597633265712941
332,0.2149935704142424
333,0.1210681289700384
334,0.0686590555543017
335,0.0305983704488104
336,0.0097950180181216
337,0.0097728301656095
338,0.0026413200733744
339,0.0257744210894954
340,0.040295484739152
341,0.0101063602361064
342,0.0252549375073518
343,0.1773095343518062
344,0.6880384300075867
345,1.0
346,0.9459105721228068
347,0.3898853663558456
348,0.3726190240791704
349,0.7967985092802015
350,1.0
351,0.7286419456778884
352,0.4026033197252805
353,0.1417022763378947
354,0.2575085816037482
355,0.2317935125197723
356,0.1598301754989553
357,0.2089762498874396
358,0.1697635344055525
359,0.060999901946101
360,0.044281556552658
361,0.0392961753108389
362,0.0
363,0.0153069792520943
364,0.0
365,0.0278492923947966
366,0.018332353611121
367,0.22985217475128
368,0.6582144628875372
369,1.0
370,1.0
371,0.4673424333248697
372,0.370766938351495
373,0.7219811974785973
374,0.7081750955805992
375,0.8144026713528691
376,0.5024282241720398
377,0.182777265436718
378,0.1850158811590141
379,0.3329742240126647
380,0.218170704386317
381,0.1467413185089961
382,0.100441316351121
383,0.0587525608012286
384,0.0432050074447963
385,0.0
386,0.0
387,0.0047595453785043
388,0.0
389,0.0060964766246056
390,0.0204767449856804
391,0.2159367102088859
392,0.6324570662896982
393,1.0
394,1.0
395,0.7516459417398341
396,0.2690476577236662
397,0.7211702956816652
398,1.0
399,1.0
400,0.4236924197265717
401,0.1608539118888049
402,0.3350526267336726
403,0.2131431788164123
404,0.1939371936038463
405,0.1014918919122783
406,0.0850728633051905
407,0.0486215712943556
408,0.0234379860331694
409,0.0
410,0.0093177284763121
411,0.0
412,0.0194083811308496
413,0.0231637731629333
414,0.0068720044233896
415,0.1562484231464433
416,0.6108030078569296
417,1.0
418,1.0
419,1.0
420,0.3559777324642437
421,0.8805212946116792
422,0.9999942956857948
423,0.9823012863971609
424,0.5824126159720061
425,0.1677282055542304
426,0.2214198282790087
427,0.1259982861145404
428,0.1642707522914444
429,0.0979336838438884
430,0.0332745847157635
431,0.0248683734013309
432,0.0315540115268359
433,0.0
434,0.000502695937814
435,0.0147514433744457
436,0.0165661751584392
437,0.0125525744324018
438,0.0166218011498446
439,0.205841003145508
440,0.966291667540124
441,1.0
442,1.0
443,0.6465800255659321
444,0.3930563541941121
445,0.7055291263493408
446,0.7165659145184885
447,0.4817312748614114
448,0.3855475384083498
449,0.1497521133727206
450,0.1898959606803142
451,0.222991158989533
452,0.2532659448432728
453,0.1653804053774459
454,0.1043799128796613
455,0.0965094307766399
456,0.0350745919095316
457,0.0258875884289761
458,0.0017089943810188
459,0.0033939925383003
460,0.0
461,0.0
462,0.0181965613395341
463,0.3411582558108906
464,0.8886662665543871
465,1.0
466,1.0
467,0.6669334304609282
468,0.4048580844137468
469,0.6946487278342782
470,0.8596518824784382
471,0.4367854021610207
472,0.3988333468171676
473,0.2218740214325569
474,0.3422576045611512
475,0.334414763662
476,0.1808514767071217
477,0.2597620605373205
478,0.1062209350340267
479,0.0402242327130802
480,0.0257379152148938
481,0.0225670882111467
482,0.0013559076694526
483,0.0137182893748487
484,0.0108339840545253
485,0.0143383968862802
486,0.0396238761068296
487,0.2739951461204875
488,0.7950128247602493
489,1.0
490,1.0
491,0.5654675570902497
492,0.3355190793331847
493,0.5364357720912947
494,0.5510420090916176
495,0.5482427329662223
496,0.4281008299387466
497,0.1128374162190483
498,0.3878156831147315
499,0.3386631055904583
500,0.1877999695486054
501,0.1665231532406792
502,0.1217751119583914
503,0.1250310817969823
504,0.036856253541962
505,0.0355644416521308
506,0.0250971383370653
507,0.0003961910122894
508,0.0
509,0.0195525756535285
510,0.0259078725785198
511,0.1807477118991272
512,0.822512821339298
513,1.0
514,0.8952323404398893
515,0.350536999325011
516,0.2829048035876395
517,0.5525945609676133
518,0.604527425863903
519,0.4888170553524836
520,0.3624626511314993
521,0.1395361702413083
522,0.171318493830988
523,0.259152898235743
524,0.3618195184208006
525,0.217648812452516
526,0.1227422789459504
527,0.0552977954193982
528,0.0003806070767921
529,0.0094412846853038
530,0.0147620922414683
531,0.0
532,0.0088005640401015
533,0.0070642076185413
534,0.0537031583382456
535,0.2953045256818362
536,0.686172789209918
537,0.9773970711683876
538,0.9119227391669744
539,0.566958279736119
540,0.2371801756465736
541,0.8252296661357805
542,0.9070753835219282
543,0.5972796552169554
544,0.3944297596128819
545,0.1431802510044518
546,0.2262676501017715
547,0.3288544729177085
548,0.3165699367134116
549,0.1214291741427461
550,0.1313616672308325
551,0.0644960909907219
552,0.0473955763258121
553,0.013564699150423
554,0.0298424244977542
555,0.0299965040762188
556,0.0222743717173308
557,0.0112093702467137
558,0.0407579450461626
559,0.2585359927930697
560,0.7970943288052744
561,1.0
562,1.0
563,0.6424806819051498
564,0.516763318396094
565,0.7785080141188765
566,0.7343302627085407
567,0.9132808711806468
568,0.6046100785731999
569,0.2169606516690304
570,0.0956957464882572
571,0.1541106032541833
572,0.107405102504929
573,0.1111917102038136
574,0.025215578189042
575,0.0610305062082621
576,0.0149806009735229
577,0.0129329170241079
578,0.0328712255749998
579,0.0296322425490476
580,0.0100628421498948
581,0.0313241159866074
582,0.0316921534134102
583,0.2316985567840017
584,0.9135758834654408
585,1.0
586,1.0
587,0.7957062312310339
588,0.387109763671323
589,0.9732379977994214
590,1.0
591,0.9040911486549988
592,0.5349505246089985
593,0.1718643184790277
594,0.2127243919720534
595,0.2379464768487563
596,0.1420649345268064
597,0.0323688773741126
598,0.0531644027672663
599,0.0972371822388213
600,0.0129402608509146
601,0.0
602,0.0
603,0.0004062640205731
604,0.0009332921039414
605,0.024729856547817
606,0.0129032195614943
607,0.2968653976761496
608,0.7329175499655806
609,1.0
610,1.0
611,0.7981085962698682
612,0.4418192941412104
613,0.7931134245607859
614,0.7412427695506139
615,0.7486749972730727
616,0.5548751701601965
617,0.247519326880731
618,0.2073486149304346
619,0.2743823751189995
620,0.103425278724247
621,0.1482665088537866
622,0.0582675551695837
623,0.0237971603461946
624,0.0046349605941437
625,0.0171080283010728
626,0.0077474304108141
627,0.0014431175664492
628,0.0089914116950568
629,0.0141573444228438
630,0.0291167278066888
631,0.2226927126224351
632,0.7922914614930037
633,0.9850884604041014
634,0.8495460607588509
635,0.514914120570968
636,0.2597524816925547
637,0.7138782319818021
638,0.8161806518844295
639,0.6561595932826226
640,0.5186776942711845
641,0.3000472628002693
642,0.3312650576275859
643,0.3924838500004551
644,0.3166790935068403
645,0.1600867077166937
646,0.0951223124718153
647,0.0515080302827413
648,0.0209309649920831
649,0.0
650,0.0540351803183493
651,0.0202499193408042
652,0.0299148140103651
653,0.0378422915486117
654,0.0566080472084068
655,0.2049815032138713
656,0.6612608597036068
657,1.0
658,1.0
659,0.4957460169540801
660,0.3884898088450508
661,0.6381257227031168
662,0.7073105482849144
663,0.5727305830728163
664,0.4377373546132614
665,0.2516732913029815
666,0.2641372720498582
667,0.1760133967256008
668,0.2230994161365627
669,0.1613687250149109
670,0.0583515295160899
671,0.070427101183144
672,0.003677449916383
673,0.054128072938271
674,0.0114110523334792
675,0.0
676,0.0079079827085241
677,0.0063449319459076
678,0.0298365735941724
679,0.1698591065744791
680,0.7478423842018952
681,0.9892667963441868
682,0.9028538252178362
683,0.395540445142934
684,0.275284486538862
685,0.6252807057610238
686,0.5800591113256204
687,0.449881727611125
688,0.4634158915948765
689,0.2140229149916507
690,0.1428967150409952
691,0.2407108890557552
692,0.2757393960546248
693,0.373633084109679
694,0.1444892731813894
695,0.0764283614572556
696,0.0217707121205684
697,0.0137365586978011
698,0.0071260057033773
699,0.0127140485301316
700,0.0
701,0.0091044086497722
702,0.0509398970936399
703,0.268734311719815
704,0.7828421454388874
705,0.8029558519788506
706,0.8678105064285216
707,0.422388867743004
708,0.5152964995364713
709,0.5851868785533794
710,0.5585540395647497
711,0.3104067484278121
712,0.3323326156913406
713,0.1570242710761236
714,0.1636644350269053
715,0.2065519848018054
716,0.1943542787654594
717,0.1430431581752987
718,0.0856656610493718
719,0.0611476735254445
720,0.0130396257044314
721,0.008926687744357
722,0.0128143310012052
723,0.0105394998989769
724,0.0
725,0.0006325799418421
726,0.0167956299748248
727,0.4118668486882314
728,0.9011973733921826
729,1.0
730,1.0
731,1.0
732,0.4779535910557478
733,0.7712634213744243
734,0.9533586033676984
735,0.8382850720838239
736,0.5674282022420593
737,0.1778393402360606
738,0.1318177620480809
739,0.2190358285755669
740,0.1739459602724126
741,0.0921617306821199
742,0.0492080007178105
743,0.0828657919480104
744,0.0058291848913433
745,0.0
746,0.0015152289826621
747,0.0052477721746245
748,0.0090515366147189
749,0.0096995505925187
750,0.0416838243575795
751,0.3224856039151875
752,1.0
753,1.0
754,1.0
755,0.8192659110488345
756,0.3246695616011432
757,0.6764525999610919
758,0.9196197706390874
759,0.8312865786716448
760,0.4257026367809385
761,0.1148098366698216
762,0.1276948060578284
763,0.1883090888181198
764,0.1831292189720253
765,0.1749181671618736
766,0.1214710409434582
767,0.0297831226154284
768,0.0274129688264299
769,0.0228296515389751
770,0.0043315900299538
771,0.0209273540110911
772,0.001319813823523
773,0.0160927076081618
774,0.0252885741477408
775,0.2815160877552028
776,0.6178619941920163
777,0.9096246547266736
778,0.7313189520974058
779,0.3587059425069142
780,0.4372284917234883
781,0.7516319137198262
782,0.701730576439163
783,0.5316499892377773
784,0.3997119685451918
785,0.2807425954455571
786,0.1874049352635688
787,0.2306087876229211
788,0.1077563667819853
789,0.0412685099880244
790,0.0878173468081364
791,0.0404978025353532
792,0.018229955715096
793,0.0056844157645928
794,0.0
795,0.0150012632379548
796,0.0021337015174619
797,0.0057173480294288
798,0.0384509370378809
799,0.1899662830323125
800,0.687772118731903
801,1.0
802,0.8969990959671416
803,0.3518585851692634
804,0.2547870492651183
805,0.6659889500420526
806,0.5430845022883726
807,0.4799341692811243
808,0.3559460308395996
809,0.1343225272617325
810,0.1324527199654087
811,0.2256737290088808
812,0.218746191217181
813,0.1430855231549943
814,0.1377685804909818
815,0.0680470674945492
816,0.0221310618560174
817,0.0180313312273061
818,0.0129830982085029
819,0.0505061113458295
820,0.0132531571708185
821,0.0
822,0.015404321881339
823,0.2374692731693584
824,0.737543739319052
825,1.0
826,0.7624089421170589
827,0.3535682433550846
828,0.3198340113770753
829,0.5832441574854961
830,0.6162410719383444
831,0.5301642215686
832,0.376055830619428
833,0.1553287657959625
834,0.160348836113524
835,0.1833213090865961
836,0.274144927026111
837,0.2178192729550206
838,0.1040845729455773
839,0.1034771365139826
